,Unnamed: 0,Runtime,Aspect_Ratio,Content_Rating_Score,Genre_Musical,Genre_Romance,Genre_Sport,Genre_Crime,Genre_Documentary,Genre_Film-Noir,Genre_Short,Genre_Fantasy,Genre_Horror,Genre_Comedy,Genre_Western,Genre_Thriller,Genre_War,Genre_Animation,Genre_Family,Genre_Mystery,Genre_Adventure,Genre_Drama,Genre_History,Genre_Biography,Genre_Sci-Fi,Genre_News,Genre_Action,Release_Month,Director_Avg_Movie_Revenue,Lead_Actor_Avg_Movie_Revenue,Budget,Lead_Actor_Name,Director_Name,Revenue,class
0,0,178,1.78,2,0,0,0,0,0,0,0,1,0,0,0,0,0,0,0,0,1,0,0,0,1,0,1,11,514,738,237,Sam Worthington,James Cameron,2787,5
1,1,169,2.35,2,0,0,0,0,0,0,0,1,0,0,0,0,0,0,0,0,1,0,0,0,0,0,1,4,314,266,300,Johnny Depp,Gore Verbinski,961,1
2,2,164,2.35,2,0,0,0,0,0,0,0,0,0,0,0,1,0,0,0,0,0,0,0,0,0,0,1,6,464,572,250,Christian Bale,Christopher Nolan,1084,4
3,3,132,2.35,2,0,0,0,0,0,0,0,0,0,0,0,0,0,0,0,0,1,0,0,0,1,0,1,2,314,338,263,Taylor Kitsch,Andrew Stanton,284,1
4,4,156,2.35,2,0,1,0,0,0,0,0,0,0,0,0,0,0,0,0,0,1,0,0,0,0,0,1,4,414,538,258,Tobey Maguire,Sam Raimi,890,3
5,5,100,1.85,1,1,1,0,0,0,0,0,1,0,1,0,0,0,1,1,0,1,0,0,0,0,0,0,10,314,338,260,Zachary Levi,Nathan Greno,591,1
6,6,141,2.35,2,0,0,0,0,0,0,0,0,0,0,0,0,0,0,0,0,1,0,0,0,1,0,1,3,364,438,250,Robert Downey Jr.,Joss Whedon,1405,2
7,7,183,2.35,2,0,0,0,0,0,0,0,0,0,0,0,0,0,0,0,0,1,0,0,0,1,0,1,2,364,276,250,Ben Affleck,Zack Snyder,873,2
8,8,169,2.35,2,0,0,0,0,0,0,0,0,0,0,0,0,0,0,0,0,1,0,0,0,1,0,1,5,314,338,209,Brandon Routh,Bryan Singer,391,1
9,9,151,2.35,2,0,0,0,0,0,0,0,1,0,0,0,0,0,0,0,0,1,0,0,0,0,0,1,5,364,366,225,Johnny Depp,Gore Verbinski,1065,2
10,10,150,2.35,2,0,0,0,0,0,0,0,0,0,0,1,0,0,0,0,0,1,0,0,0,0,0,1,6,314,266,215,Johnny Depp,Gore Verbinski,89,1
11,11,143,2.35,2,0,0,0,0,0,0,0,1,0,0,0,0,0,0,0,0,1,0,0,0,1,0,1,5,364,362,225,Henry Cavill,Zack Snyder,662,2
12,12,150,2.35,1,0,0,0,0,0,0,0,1,0,0,0,0,0,0,1,0,1,0,0,0,0,0,1,4,314,338,225,Ben Barnes,Andrew Adamson,419,1
13,13,173,1.85,2,0,0,0,0,0,0,0,0,0,0,0,0,0,0,0,0,1,0,0,0,1,0,1,3,414,538,220,Robert Downey Jr.,Joss Whedon,1519,3
14,14,136,2.35,2,0,0,0,0,0,0,0,1,0,0,0,0,0,0,0,0,1,0,0,0,0,0,1,4,364,366,250,Johnny Depp,Rob Marshall,1045,2
15,15,106,1.85,2,0,0,0,0,0,0,0,1,0,1,0,0,0,0,1,0,1,0,0,0,1,0,1,4,314,338,225,Will Smith,Barry Sonnenfeld,624,1
16,16,153,2.35,2,0,0,0,0,0,0,0,1,0,0,0,0,0,0,0,0,1,0,0,0,0,0,1,5,414,538,230,Andrew Garfield,Marc Webb,752,3
17,17,156,2.35,2,0,0,0,0,0,0,0,0,0,0,0,0,0,0,0,0,1,1,1,0,0,0,1,4,201,184,200,Russell Crowe,Ridley Scott,30,1
18,18,186,2.35,2,0,0,0,0,0,0,0,1,0,0,0,0,0,0,0,0,1,0,0,0,0,0,0,11,364,438,225,Martin Freeman,Peter Jackson,958,2
19,19,113,2.35,2,0,0,0,0,0,0,0,1,0,0,0,0,0,0,1,0,1,0,0,0,0,0,0,11,263,338,180,Dakota Blue Richards,Chris Weitz,372,1
20,20,194,2.35,2,0,1,0,0,0,0,0,0,0,0,0,0,0,0,0,0,0,1,0,0,0,0,0,10,464,638,200,Kate Winslet,James Cameron,1845,4
21,21,147,2.35,2,0,0,0,0,0,0,0,0,0,0,0,0,0,0,0,0,1,0,0,0,1,0,1,3,364,438,250,Chris Evans,Anthony Russo,1153,2
22,22,131,2.35,2,0,0,0,0,0,0,0,0,0,0,0,1,0,0,0,0,1,0,0,0,1,0,1,3,208,293,209,Taylor Kitsch,Peter Berg,303,1
23,23,124,2.0,2,0,0,0,0,0,0,0,0,0,0,0,1,0,0,0,0,1,0,0,0,1,0,1,5,514,738,150,Chris Pratt,Colin Trevorrow,1513,5
24,24,135,2.35,2,0,1,0,0,0,0,0,1,0,0,0,0,0,0,0,0,1,0,0,0,0,0,1,5,314,338,200,Tobey Maguire,Sam Raimi,783,1
25,25,195,2.35,2,0,0,0,0,0,0,0,0,0,0,0,0,0,0,0,0,1,0,0,0,1,0,1,3,414,538,200,Robert Downey Jr.,Shane Black,1215,3
26,26,108,1.85,1,0,0,0,0,0,0,0,1,0,0,0,0,0,0,1,0,1,0,0,0,0,0,0,2,338,538,200,Mia Wasikowska,Tim Burton,1025,3
27,27,104,1.85,0,0,0,0,0,0,0,0,1,0,1,0,0,0,1,1,0,1,0,0,0,0,0,0,5,314,388,200,Billy Crystal,Dan Scanlon,743,1
28,28,150,2.35,2,0,0,0,0,0,0,0,0,0,0,0,0,0,0,0,0,1,0,0,0,1,0,1,5,364,438,200,Shia LaBeouf,Michael Bay,836,2
29,29,165,2.35,2,0,0,0,0,0,0,0,0,0,0,0,0,0,0,0,0,1,0,0,0,1,0,1,5,364,273,210,Mark Wahlberg,Michael Bay,1091,2
30,30,142,2.35,2,0,0,0,0,0,0,0,1,0,0,0,0,0,0,0,0,1,0,0,0,1,0,1,3,314,338,200,Andrew Garfield,Marc Webb,705,1
31,31,125,2.35,1,0,0,0,0,0,0,0,0,0,0,0,0,0,0,0,0,1,0,0,0,1,0,1,11,364,438,170,Garrett Hedlund,Joseph Kosinski,400,2
32,32,106,2.35,0,0,0,1,0,0,0,0,0,0,1,0,0,0,1,1,0,1,0,0,0,0,0,0,5,314,145,200,Owen Wilson,John Lasseter,559,1
33,33,123,2.35,2,0,0,0,0,0,0,0,0,0,0,0,0,0,0,0,0,1,0,0,0,1,0,1,5,165,240,200,Ryan Reynolds,Martin Campbell,219,1
34,34,103,1.85,0,0,0,0,0,0,0,0,1,0,1,0,0,0,1,1,0,1,0,0,0,0,0,0,5,364,413,200,Tom Hanks,Lee Unkrich,1066,2
35,35,118,2.35,2,0,0,0,0,0,0,0,0,0,0,0,0,0,0,0,0,1,0,0,0,1,0,1,4,191,272,200,Christian Bale,McG,371,1
36,36,140,2.35,2,0,0,0,1,0,0,0,0,0,0,0,1,0,0,0,0,0,0,0,0,0,0,1,3,414,538,190,Vin Diesel,James Wan,1506,3
37,37,123,2.35,2,0,0,0,0,0,0,0,0,1,0,0,1,0,0,0,0,1,0,0,0,1,0,1,5,187,293,190,Brad Pitt,Marc Forster,531,2
38,38,149,2.35,2,0,0,0,0,0,0,0,1,0,0,0,1,0,0,0,0,1,0,0,0,1,0,1,4,364,415,200,Hugh Jackman,Bryan Singer,747,2
39,39,132,2.35,2,0,0,0,0,0,0,0,0,0,0,0,0,0,0,0,0,1,0,0,0,1,0,1,4,314,267,190,Chris Pine,J.J. Abrams,467,1
40,40,114,2.35,2,0,0,0,0,0,0,0,1,0,0,0,0,0,0,0,0,1,0,0,0,0,0,0,1,314,157,195,Nicholas Hoult,Bryan Singer,197,1
41,41,116,2.35,2,0,1,0,0,0,0,0,1,0,0,0,0,0,0,0,0,1,0,0,0,0,0,1,4,76,71,200,Jake Gyllenhaal,Mike Newell,335,1
42,42,131,1.85,2,0,0,0,0,0,0,0,0,0,0,0,0,0,0,0,0,1,0,0,0,1,0,1,6,205,230,190,Idris Elba,Guillermo del Toro,407,1
43,43,154,2.35,2,0,0,0,0,0,0,0,0,0,0,0,0,0,0,0,0,1,0,0,0,1,0,1,5,414,538,195,Shia LaBeouf,Michael Bay,1123,3
44,44,122,2.35,2,0,0,0,0,0,0,0,1,0,0,0,0,0,0,0,0,1,0,0,0,0,0,1,4,414,426,185,Harrison Ford,Steven Spielberg,786,3
45,45,93,2.35,1,0,0,0,0,0,0,0,1,0,1,0,0,0,1,1,0,1,0,0,0,0,0,0,10,314,331,180,Raymond Ochoa,Peter Sohn,331,1
46,46,93,2.35,1,0,0,0,0,0,0,0,1,0,1,0,0,0,1,1,0,1,0,0,0,0,0,0,5,364,438,185,Kelly Macdonald,Mark Andrews,538,2
47,47,122,2.35,2,0,0,0,0,0,0,0,0,0,0,0,1,0,0,0,0,1,0,0,0,1,0,1,6,314,267,185,Chris Pine,Justin Lin,343,1
48,48,98,2.35,0,0,0,0,0,0,0,0,0,0,0,0,0,0,1,1,0,1,0,0,0,1,0,0,5,364,438,180,Ben Burtt,Andrew Stanton,521,2
49,49,91,2.35,2,0,0,0,1,0,0,0,0,0,1,0,1,0,0,0,0,0,0,0,0,0,0,1,7,151,201,140,Chris Tucker,Brett Ratner,258,1
50,50,158,2.35,2,0,0,0,0,0,0,0,0,0,0,0,0,0,0,0,0,1,0,0,0,1,0,1,9,364,1025,200,John Cusack,Roland Emmerich,769,2
51,51,96,2.35,1,0,0,0,0,0,0,0,1,0,0,0,0,0,1,1,0,0,1,0,0,0,0,0,10,276,153,200,Gary Oldman,Robert Zemeckis,325,1
52,52,127,2.35,2,0,0,0,0,0,0,0,0,0,0,0,0,0,0,0,0,1,0,0,0,1,0,1,1,297,183,176,Mila Kunis,Lana Wachowski,183,1
53,53,110,2.35,2,0,1,0,0,0,0,0,0,0,0,0,0,0,0,0,0,1,1,0,0,0,0,1,5,314,338,180,Alexander Skarsgård,David Yates,356,1
54,54,150,2.35,1,0,0,0,0,0,0,0,1,0,0,0,0,0,0,1,0,1,0,0,0,0,0,0,11,364,438,180,William Moseley,Andrew Adamson,748,2
55,55,144,2.35,2,0,0,0,0,0,0,0,0,0,0,0,0,0,0,0,0,1,0,0,0,1,0,1,4,314,31,178,James McAvoy,Bryan Singer,543,1
56,56,152,2.35,2,0,0,0,1,0,0,0,0,0,0,0,1,0,0,0,0,0,1,0,0,0,0,1,6,414,472,185,Christian Bale,Christopher Nolan,1004,3
57,57,96,1.85,1,0,0,0,0,0,0,0,0,0,1,0,0,0,1,1,0,1,0,0,0,0,0,0,4,364,438,175,Ed Asner,Pete Docter,735,2
58,58,126,2.35,2,0,0,0,0,0,0,0,0,0,0,0,0,0,0,0,0,1,0,0,0,1,0,1,3,340,438,140,Robert Downey Jr.,Jon Favreau,585,2
59,59,126,1.85,1,0,0,0,0,0,0,0,0,0,0,0,0,0,0,1,1,1,1,0,0,0,0,0,10,100,74,170,Ben Kingsley,Martin Scorsese,185,1
60,60,106,1.85,2,0,0,0,0,0,0,0,0,0,1,1,0,0,0,0,0,0,0,0,0,1,0,1,5,313,338,170,Will Smith,Barry Sonnenfeld,222,1
61,61,112,2.35,2,0,0,0,0,0,0,0,1,1,0,0,1,0,0,0,0,1,0,0,0,0,0,1,6,200,221,145,Brendan Fraser,Rob Cohen,401,2
62,62,123,2.35,2,0,0,0,0,0,0,0,0,0,1,0,0,0,0,0,0,1,0,0,0,1,0,1,7,282,538,175,Will Smith,David Ayer,745,3
63,63,96,2.35,1,0,0,0,0,0,0,0,1,0,1,0,0,0,0,1,0,0,0,0,0,0,0,0,5,189,253,175,Steve Carell,Tom Shadyac,173,1
64,64,113,2.35,2,0,0,0,0,0,0,0,0,0,0,0,0,0,0,0,0,1,0,0,0,1,0,1,4,191,336,178,Tom Cruise,Doug Liman,370,1
65,65,176,1.85,2,0,0,0,0,0,0,0,0,0,0,0,1,0,0,0,0,1,0,0,0,1,0,1,6,175,99,175,Kevin Costner,Kevin Reynolds,264,1
66,66,118,2.35,2,0,0,0,0,0,0,0,0,0,0,0,1,0,0,0,0,1,0,0,0,1,0,1,7,186,145,175,Dennis Quaid,Stephen Sommers,302,1
67,67,95,1.85,1,0,0,0,0,0,0,0,1,0,1,0,0,0,1,1,0,1,1,0,0,0,0,0,5,364,438,175,Amy Poehler,Pete Docter,857,2
68,68,124,2.35,2,0,0,0,0,0,0,0,0,0,0,0,0,0,0,0,0,1,0,0,0,1,0,1,3,290,338,200,Robert Downey Jr.,Jon Favreau,623,1
69,69,132,2.35,2,0,0,0,0,0,0,0,1,0,0,0,0,0,0,0,0,1,1,0,0,0,0,1,4,314,338,170,Kristen Stewart,Rupert Sanders,396,1
70,70,97,2.35,1,0,1,0,0,0,0,0,1,0,0,0,0,0,0,1,0,1,0,0,0,0,0,1,4,364,315,180,Angelina Jolie,Robert Stromberg,754,2
71,71,130,1.85,2,0,0,0,0,0,0,0,0,0,0,0,0,0,0,0,0,1,1,0,0,1,0,1,5,343,438,170,Andy Serkis,Matt Reeves,710,2
72,72,128,2.35,2,0,0,0,0,0,0,0,1,0,0,0,0,0,0,0,0,1,1,0,0,0,0,1,11,150,165,175,Keanu Reeves,Carl Rinsch,150,1
73,73,136,2.35,2,0,0,0,0,0,0,0,0,0,0,0,0,0,0,0,0,1,0,0,0,1,0,1,2,364,438,170,Chris Evans,Anthony Russo,714,2
74,74,93,2.35,1,0,0,0,0,0,0,0,1,0,1,0,0,0,1,1,0,1,0,0,0,0,0,0,4,361,438,165,Mike Myers,Mike Mitchell,752,2
75,75,130,2.2,1,0,0,0,0,0,0,0,0,0,0,0,0,0,0,1,1,1,0,0,0,1,0,1,4,314,104,190,Britt Robertson,Brad Bird,209,1
76,76,102,2.39,1,0,0,0,0,0,0,0,0,0,1,0,0,0,1,1,0,1,1,0,0,1,0,1,9,364,438,165,Scott Adsit,Don Hall,652,2
77,77,101,2.35,1,0,0,0,0,0,0,0,0,0,1,0,0,0,1,1,0,1,0,0,0,1,0,0,10,364,229,165,John C. Reilly,Rich Moore,471,2
78,78,100,2.35,0,0,0,0,0,0,0,0,1,0,0,0,0,0,1,1,0,1,0,0,0,0,0,0,10,276,313,165,Tom Hanks,Robert Zemeckis,305,1
79,79,120,2.35,2,0,0,0,0,0,0,0,0,0,0,0,0,0,0,0,0,1,0,0,0,1,0,1,5,314,338,165,Liam Hemsworth,Roland Emmerich,389,1
80,80,98,2.35,1,0,0,0,0,0,0,0,1,0,0,0,0,0,1,1,0,1,0,0,0,0,0,0,2,364,438,165,Jay Baruchel,Dean DeBlois,494,2
81,81,109,2.35,3,0,0,0,0,0,0,0,0,0,0,0,0,0,0,0,0,0,0,0,0,1,0,1,6,202,178,200,Arnold Schwarzenegger,Jonathan Mostow,435,1
82,82,121,2.35,2,0,0,0,0,0,0,0,0,0,0,0,0,0,0,0,0,1,0,0,0,1,0,1,6,414,538,170,Chris Pratt,James Gunn,773,3
83,83,169,2.35,2,0,0,0,0,0,0,0,0,0,0,0,0,0,0,0,0,1,1,0,0,1,0,0,10,364,209,165,Matthew McConaughey,Christopher Nolan,675,2
84,84,148,2.35,2,0,0,0,0,0,0,0,0,0,0,0,1,0,0,0,0,1,0,0,0,1,0,1,6,414,453,160,Leonardo DiCaprio,Christopher Nolan,825,3
85,85,182,2.35,2,0,0,0,0,0,0,0,1,0,0,0,0,0,0,0,0,1,0,0,0,0,0,0,10,414,538,180,Ian McKellen,Peter Jackson,1021,3
86,86,106,2.35,2,0,0,0,1,0,0,0,0,0,0,0,1,0,0,0,0,0,0,0,0,0,0,1,5,150,90,380,Paul Walker,Rob Cohen,207,1
87,87,166,2.35,2,0,1,0,0,0,0,0,1,0,0,0,0,0,0,0,0,0,1,0,0,0,0,0,10,219,145,150,Cate Blanchett,David Fincher,333,1
88,88,132,2.35,2,0,0,0,0,0,0,0,0,0,0,0,0,0,0,0,0,1,0,0,0,1,0,1,4,314,301,160,James McAvoy,Matthew Vaughn,353,1
89,89,137,2.35,2,0,0,0,0,0,0,0,0,0,0,0,0,0,0,0,0,1,0,0,0,1,0,0,10,364,438,160,Jennifer Lawrence,Francis Lawrence,653,2
90,90,109,2.35,1,0,0,0,0,0,0,0,1,0,0,0,0,0,0,1,0,1,0,0,0,0,0,1,6,153,122,150,Nicolas Cage,Jon Turteltaub,215,1
91,91,98,2.35,2,0,0,0,0,0,0,0,0,0,0,0,1,0,0,0,0,1,1,0,0,0,0,1,4,301,54,160,Kurt Russell,Wolfgang Petersen,181,1
92,92,113,1.85,1,0,0,0,0,0,0,0,1,0,0,0,0,0,0,1,0,1,0,0,0,0,0,0,4,181,266,170,Johnny Depp,James Bobin,299,1
93,93,93,1.85,1,0,0,0,0,0,0,0,1,0,1,0,0,0,1,1,0,1,0,0,0,0,0,0,4,364,438,160,Mike Myers,Chris Miller,798,2
94,94,123,2.35,2,0,0,0,0,0,0,0,1,0,0,0,0,0,0,0,0,1,0,0,0,0,0,1,4,290,164,160,Paula Patton,Duncan Jones,433,1
95,95,126,2.35,2,0,0,0,0,0,0,0,0,0,0,0,0,0,0,0,0,1,0,0,0,1,0,1,5,314,178,155,Arnold Schwarzenegger,Alan Taylor,440,1
96,96,113,1.78,1,0,0,0,0,0,0,0,1,0,0,0,0,0,0,1,0,1,0,0,0,0,0,0,7,138,338,155,Skandar Keynes,Michael Apted,415,1
97,97,184,2.35,2,0,1,0,0,0,0,0,0,0,0,0,0,1,0,0,0,0,1,1,0,0,0,1,4,314,176,140,Ben Affleck,Michael Bay,449,1
98,98,144,2.35,2,0,0,0,0,0,0,0,0,0,0,0,0,0,0,0,0,1,0,0,0,1,0,1,5,414,538,150,Shia LaBeouf,Michael Bay,709,3
99,99,102,2.35,2,0,0,0,0,0,0,0,0,0,0,0,0,0,0,0,0,0,1,0,0,0,0,1,6,258,438,150,Will Smith,Peter Berg,624,2
100,100,104,2.35,2,0,0,0,0,0,0,0,0,1,0,0,0,0,0,0,0,0,1,0,0,1,0,0,11,364,438,150,Will Smith,Francis Lawrence,585,2
101,101,115,1.85,1,0,0,0,0,0,0,0,1,0,1,0,0,0,0,1,0,1,0,0,0,0,0,0,6,238,266,150,Johnny Depp,Tim Burton,474,1
102,102,111,2.35,0,0,0,0,0,0,0,0,1,0,1,0,0,0,1,1,0,0,0,0,0,0,0,0,5,364,488,150,Patton Oswalt,Brad Bird,623,2
103,103,128,2.35,2,0,0,0,0,0,0,0,0,0,0,0,0,0,0,0,0,1,0,0,0,0,0,1,5,314,272,150,Christian Bale,Christopher Nolan,374,1
104,104,89,1.85,1,0,0,0,0,0,0,0,0,0,1,0,0,0,1,1,0,1,0,0,0,0,0,1,9,364,358,150,Ben Stiller,Eric Darnell,603,2
105,105,105,2.35,1,0,0,0,0,0,0,0,1,0,1,0,0,0,0,1,0,1,0,0,0,0,0,0,4,201,258,150,Ben Stiller,Shawn Levy,413,1
106,106,119,2.35,2,0,0,0,0,0,0,0,1,0,0,0,1,0,0,0,0,1,0,0,0,1,0,1,3,174,315,150,Hugh Jackman,Gavin Hood,373,1
107,107,102,2.24,1,1,0,0,0,0,0,0,1,0,1,0,0,0,1,1,0,1,0,0,0,0,0,0,10,514,738,150,Kristen Bell,Chris Buck,1274,5
108,108,138,2.35,3,0,0,0,0,0,0,0,0,0,0,0,0,0,0,0,0,0,0,0,0,1,0,1,4,397,365,150,Keanu Reeves,Lana Wachowski,738,3
109,109,112,2.35,2,0,0,0,0,0,0,0,1,0,0,0,0,0,0,0,0,1,0,0,0,0,0,1,9,364,374,170,Chris Hemsworth,Alan Taylor,644,2
110,110,146,2.35,2,0,0,0,0,0,0,0,0,0,0,0,1,0,0,0,1,0,0,0,0,0,0,0,4,232,313,150,Tom Hanks,Ron Howard,356,1
111,111,115,2.35,2,0,0,0,0,0,0,0,1,0,0,0,0,0,0,0,0,1,0,0,0,0,0,1,3,364,374,150,Chris Hemsworth,Kenneth Branagh,449,2
112,112,96,1.85,1,0,0,0,0,0,0,0,0,0,1,0,0,0,1,1,0,1,1,0,0,0,0,0,10,314,118,150,John Travolta,Byron Howard,309,1
113,113,88,2.35,1,0,0,0,0,0,0,0,1,0,1,0,0,0,1,1,0,1,0,0,0,1,0,1,6,292,72,150,Sam Rockwell,Hoyt Yeatman,292,1
114,114,99,1.85,2,0,0,0,0,0,0,0,1,0,0,0,0,0,0,0,0,1,0,0,0,0,0,1,2,194,338,150,Sam Worthington,Jonathan Liebesman,301,1
115,115,113,1.85,2,0,0,0,0,0,0,0,1,1,1,0,0,0,0,0,0,0,0,0,0,0,0,0,4,238,266,100,Johnny Depp,Tim Burton,245,1
116,116,119,1.85,3,0,0,0,0,0,0,0,1,1,0,0,1,0,0,0,0,0,1,0,0,0,0,0,1,211,9,150,Benicio del Toro,Joe Johnston,200,1
117,117,91,1.85,1,0,0,0,0,0,0,0,0,0,1,0,0,0,1,1,0,1,0,0,0,0,0,0,9,287,287,150,Jerry Seinfeld,Steve Hickner,287,1
118,118,90,2.35,1,0,0,0,0,0,0,0,0,0,1,0,0,0,1,1,0,1,0,0,0,0,0,1,4,414,538,150,Jack Black,Jennifer Yuh Nelson,665,3
119,119,103,2.35,1,0,0,0,0,0,0,0,1,0,0,0,0,0,0,1,0,1,0,0,0,0,0,1,5,272,31,150,Noah Ringer,M. Night Shyamalan,318,1
120,120,124,2.35,2,0,0,0,0,0,0,0,0,0,0,0,1,0,0,0,0,1,0,0,0,0,0,1,4,314,336,150,Tom Cruise,J.J. Abrams,397,1
121,121,131,2.35,2,0,0,0,0,0,0,0,0,0,0,0,1,0,0,0,0,0,1,0,0,0,0,1,5,314,135,150,Channing Tatum,Roland Emmerich,205,1
122,122,88,2.35,1,0,0,0,0,0,0,0,0,0,1,0,0,0,1,1,0,1,0,0,0,1,0,1,2,127,36,150,Seth Green,Simon Wells,38,1
123,123,111,2.35,1,0,0,0,0,0,0,0,1,0,0,0,0,0,0,1,0,1,0,0,0,0,0,0,8,960,128,150,Levi Miller,Joe Wright,128,1
124,124,92,1.85,1,0,0,0,0,0,0,0,0,0,1,0,0,0,1,1,0,1,0,0,0,1,0,0,1,188,272,145,Ty Burrell,Rob Minkoff,272,1
125,125,196,2.35,3,0,0,0,0,0,0,0,0,0,0,0,0,0,0,0,0,1,0,0,0,0,0,0,4,351,293,175,Brad Pitt,Wolfgang Petersen,497,2
126,126,93,1.85,1,0,0,0,0,0,0,0,0,0,1,0,0,0,1,1,0,1,0,0,0,0,0,0,5,414,458,145,Ben Stiller,Eric Darnell,746,3
127,127,116,2.35,2,0,0,0,0,0,0,0,1,0,1,0,0,0,0,0,0,0,0,0,0,1,0,1,6,169,136,144,Melissa McCarthy,Paul Feig,229,1
128,128,153,2.35,2,0,0,0,0,0,0,0,0,0,0,0,1,0,0,0,0,1,0,0,0,1,0,1,6,364,254,140,Bruce Willis,Michael Bay,553,2
129,129,88,1.85,2,0,0,0,0,0,0,0,1,0,1,0,0,0,0,1,1,1,0,0,0,1,0,1,6,314,180,140,Tommy Lee Jones,Barry Sonnenfeld,441,1
130,130,115,2.35,2,0,0,0,0,0,0,0,1,0,0,0,0,0,1,0,0,1,0,0,0,0,0,1,10,276,195,150,Ray Winstone,Robert Zemeckis,195,1
131,131,95,2.35,1,0,0,0,0,0,0,0,0,0,1,0,0,0,1,1,0,1,0,0,0,0,0,1,0,364,438,145,Jack Black,Alessandro Carloni,521,2
132,132,133,2.35,2,0,0,0,0,0,0,0,0,0,0,0,1,0,0,0,0,1,0,0,0,0,0,1,11,414,536,145,Tom Cruise,Brad Bird,694,3
133,133,97,1.85,1,0,0,0,0,0,0,0,1,0,0,0,0,0,1,1,0,1,0,0,0,0,0,0,10,306,267,145,Chris Pine,Peter Ramsey,306,1
134,134,90,2.35,2,0,0,0,1,0,0,0,0,0,1,0,0,0,0,0,0,0,0,0,0,0,0,0,11,75,187,100,Jim Carrey,Dean Parisot,202,1
135,135,154,2.35,3,0,0,0,0,0,0,0,0,0,0,0,0,1,0,0,0,0,1,1,0,0,0,1,11,210,436,140,Tom Cruise,Edward Zwick,456,2
136,136,127,2.35,2,0,0,0,0,0,0,0,0,0,0,0,0,0,0,0,0,1,0,0,0,1,0,1,4,314,267,150,Chris Pine,J.J. Abrams,385,1
137,137,121,1.85,2,0,1,0,0,0,0,0,1,0,0,0,0,0,0,0,0,1,0,0,0,0,0,1,4,414,538,139,Tobey Maguire,Sam Raimi,821,3
138,138,102,2.35,1,0,0,0,0,0,0,0,1,0,1,0,0,0,1,1,0,1,0,0,0,0,0,1,5,414,538,145,Jay Baruchel,Dean DeBlois,609,3
139,139,126,2.35,2,0,0,0,0,0,0,0,1,0,0,0,0,0,0,0,0,1,0,0,0,0,0,1,1,186,75,140,Brenton Thwaites,Alex Proyas,150,1
140,140,121,2.35,2,0,0,0,0,0,0,0,0,0,0,0,1,0,0,0,0,1,0,0,0,1,0,1,6,150,59,135,Josh Lucas,Rob Cohen,76,1
141,141,215,2.35,3,0,0,0,0,0,0,0,0,0,0,0,0,0,0,0,1,0,1,0,0,1,0,1,2,314,18,130,Malin Åkerman,Zack Snyder,185,1
142,142,127,2.35,3,0,0,0,1,0,0,0,0,0,0,0,1,0,0,0,0,0,0,0,0,0,0,1,6,14,240,140,Mel Gibson,Richard Donner,285,1
143,143,138,1.85,2,0,0,0,0,0,0,0,0,0,0,0,0,0,0,0,0,0,0,0,0,1,0,1,5,168,70,137,Eric Bana,Ang Lee,245,1
144,144,122,2.35,2,0,0,0,0,0,0,0,0,0,0,0,1,0,0,0,0,1,0,0,0,1,0,1,2,273,278,130,Dwayne Johnson,Jon M. Chu,371,2
145,145,106,1.85,2,0,1,0,0,0,0,0,1,0,0,0,0,0,1,0,0,1,0,0,0,1,0,1,6,85,42,137,Donald Sutherland,Hironobu Sakaguchi,85,1
146,146,124,2.35,2,0,0,0,0,0,0,0,0,0,0,0,0,0,0,0,0,1,0,0,0,1,0,1,6,261,438,140,Chris Evans,Joe Johnston,370,2
147,147,138,2.35,2,0,0,0,0,0,0,0,0,0,0,0,0,1,0,0,0,1,1,1,0,0,0,1,10,195,184,150,Russell Crowe,Peter Weir,212,1
148,148,115,2.35,2,0,1,0,0,0,0,0,1,0,0,0,0,0,0,0,0,1,1,0,0,0,0,0,10,349,638,120,Kristen Stewart,Bill Condon,829,4
149,149,135,2.35,2,0,0,0,0,0,0,0,0,0,0,0,0,0,0,0,0,1,0,0,0,1,0,1,5,371,460,10,Edward Norton,Louis Leterrier,163,5
150,150,156,2.35,3,0,0,0,0,0,0,0,0,0,0,1,1,0,0,0,0,1,1,0,0,0,0,0,11,346,353,135,Leonardo DiCaprio,Alejandro G. Iñárritu,532,2
151,151,96,2.35,1,0,0,1,0,0,0,0,0,0,1,0,0,0,1,1,0,1,0,0,0,0,0,0,6,282,240,135,Ryan Reynolds,David Soren,282,1
152,152,107,2.35,1,0,0,0,0,0,0,0,0,0,1,1,0,0,1,1,0,1,0,0,0,0,0,0,2,314,266,135,Johnny Depp,Gore Verbinski,245,1
153,153,92,1.85,1,0,0,0,0,0,0,0,0,0,1,0,0,0,1,1,0,1,0,0,0,0,0,0,10,364,488,132,Tom McGrath,Eric Darnell,373,2
154,154,115,2.35,2,0,0,0,0,0,0,0,0,0,0,0,1,0,0,0,1,0,0,0,0,0,0,1,7,275,242,110,Matt Damon,Paul Greengrass,442,2
155,155,92,2.35,1,0,0,0,0,0,0,0,0,0,1,0,0,0,1,1,0,1,0,0,0,0,0,1,5,414,588,130,Jack Black,Mark Osborne,631,3
156,156,117,1.85,2,0,0,0,0,0,0,0,0,0,1,0,0,0,0,0,0,1,0,0,0,1,0,1,6,260,92,130,Paul Rudd,Peyton Reed,519,1
157,157,146,2.35,2,0,0,0,0,0,0,0,0,0,0,0,1,0,0,0,0,1,0,0,0,1,0,0,10,464,638,130,Jennifer Lawrence,Francis Lawrence,847,4
158,158,94,1.85,1,0,0,0,0,0,0,0,1,0,1,0,0,0,1,1,0,1,0,0,0,1,0,0,2,297,538,135,Jim Parsons,Tim Johnson,368,3
159,159,116,1.85,2,0,0,0,0,0,0,0,0,0,0,0,1,0,0,0,0,1,0,0,0,1,0,0,5,314,336,132,Tom Cruise,Steven Spielberg,591,1
160,160,147,2.35,3,0,0,0,1,0,0,0,0,0,1,0,1,0,0,0,0,0,0,0,0,0,0,1,6,364,200,130,Martin Lawrence,Michael Bay,273,2
161,161,90,2.35,1,0,0,0,0,0,0,0,1,0,1,0,0,0,1,1,0,1,0,0,0,0,0,1,9,364,239,130,Antonio Banderas,Chris Miller,554,2
162,162,101,2.35,2,0,0,0,1,0,0,0,0,0,0,0,1,0,0,0,1,0,0,0,0,0,0,1,6,191,215,110,Angelina Jolie,Phillip Noyce,293,1
163,163,138,1.85,2,0,0,0,0,0,0,0,0,0,0,0,0,0,0,0,0,1,1,0,0,0,0,1,2,176,284,125,Russell Crowe,Darren Aronofsky,362,2
164,164,107,2.35,1,0,0,0,0,0,0,0,0,0,0,0,0,0,0,1,1,1,0,0,0,0,0,1,9,314,185,135,Jamie Bell,Steven Spielberg,371,1
165,165,100,2.35,2,0,0,0,0,0,0,0,0,0,0,0,0,0,0,0,0,1,0,0,0,1,0,1,4,272,243,130,Jaden Smith,M. Night Shyamalan,243,1
166,166,82,1.85,1,0,0,0,0,0,0,0,0,0,0,0,1,0,1,1,0,1,0,0,0,0,0,0,4,364,438,127,D. B. Sweeney,Eric Leighton,354,2
167,167,98,1.85,1,0,0,0,0,0,0,0,1,0,1,0,0,0,0,1,0,1,0,0,0,0,0,0,11,201,258,127,Ben Stiller,Shawn Levy,349,1
168,168,95,2.35,1,0,0,0,0,0,0,0,0,0,1,0,0,0,1,1,0,0,0,0,0,1,0,1,9,314,117,130,Will Ferrell,Tom McGrath,321,1
169,169,96,2.35,2,0,0,0,0,0,0,0,1,0,1,0,0,0,0,0,0,0,0,0,0,0,0,1,6,155,76,130,Jeff Bridges,Robert Schwentke,61,1
170,170,143,2.35,2,0,0,0,0,0,0,0,1,0,0,0,0,0,0,0,0,1,0,0,0,0,0,1,6,414,466,140,Johnny Depp,Gore Verbinski,655,3
171,171,123,2.35,2,0,0,0,0,0,0,0,0,0,0,0,1,0,0,0,0,1,0,0,0,1,0,0,10,464,638,125,Jennifer Lawrence,Francis Lawrence,752,4
172,172,174,2.35,2,0,0,0,0,0,0,0,0,0,0,0,1,0,0,0,1,0,0,0,0,0,0,0,4,382,331,125,Tom Hanks,Ron Howard,767,4
173,173,101,2.35,0,1,0,0,0,0,0,0,0,0,1,0,0,0,1,1,0,1,0,0,0,0,0,0,2,414,422,103,Jesse Eisenberg,Carlos Saldanha,500,3
174,174,132,2.35,2,0,0,0,1,0,0,0,0,0,0,0,1,0,0,0,0,0,0,0,0,0,0,1,3,432,638,125,Vin Diesel,Justin Lin,626,4
175,175,129,2.35,2,0,0,0,1,0,0,0,0,0,0,0,1,0,0,0,1,1,0,0,0,0,0,1,10,364,438,125,Robert Downey Jr.,Guy Ritchie,334,2
176,176,106,2.35,2,0,0,0,0,0,0,0,1,0,0,0,0,0,0,0,0,1,0,0,0,0,0,1,3,171,338,125,Sam Worthington,Louis Leterrier,232,1
177,177,113,1.85,3,0,0,0,0,0,0,0,0,0,0,0,0,0,0,0,0,0,0,0,0,1,0,1,5,240,117,65,Arnold Schwarzenegger,Paul Verhoeven,261,2
178,178,102,2.35,3,0,0,0,0,0,0,0,0,0,0,0,0,0,0,0,0,1,0,1,0,0,0,1,7,951,139,85,Antonio Banderas,John McTiernan,61,1
179,179,135,2.35,2,0,0,0,0,0,0,0,0,0,0,0,1,0,0,0,0,1,0,0,0,0,0,1,7,143,10,125,Jeremy Renner,Tony Gilroy,276,1
180,180,125,1.85,2,0,0,0,0,0,0,0,0,0,0,0,0,0,0,0,0,0,0,0,0,0,0,1,5,118,144,125,George Clooney,Joel Schumacher,238,1
181,181,110,1.85,1,0,0,0,0,0,0,0,1,0,1,0,0,0,0,1,0,0,0,0,0,0,0,0,10,332,387,123,Jim Carrey,Ron Howard,345,3
182,182,124,2.35,2,0,0,0,0,0,0,0,0,0,0,0,1,0,0,0,0,1,0,0,0,1,0,1,4,414,345,125,Dennis Quaid,Roland Emmerich,544,3
183,183,123,2.35,2,0,0,0,0,0,0,0,0,0,0,0,1,0,0,0,0,1,0,0,0,0,0,1,4,323,536,125,Tom Cruise,John Woo,546,3
184,184,130,2.35,2,0,0,0,0,0,0,0,0,0,0,0,1,0,0,0,0,1,1,0,0,0,0,1,2,351,244,140,George Clooney,Wolfgang Petersen,325,2
185,185,92,2.35,1,0,0,0,0,0,0,0,0,0,0,0,1,0,0,0,0,1,0,0,0,1,0,1,5,115,198,130,Ioan Gruffudd,Tim Story,289,1
186,186,127,1.85,1,0,0,0,0,0,0,0,1,0,0,0,0,0,0,0,0,1,1,0,0,0,0,0,10,268,538,120,Suraj Sharma,Ang Lee,609,3
187,187,123,2.35,2,0,0,0,0,0,0,0,1,0,0,0,1,0,0,0,0,0,0,0,0,0,0,1,1,123,122,110,Nicolas Cage,Mark Steven Johnson,228,1
188,188,107,2.35,2,0,0,0,1,0,0,0,0,0,1,0,0,0,0,0,0,1,0,0,0,0,0,1,5,191,173,120,Cameron Diaz,McG,259,1
189,189,124,2.35,3,0,0,0,0,0,0,0,0,0,0,0,0,0,0,0,1,1,0,0,0,1,0,0,4,251,438,130,Noomi Rapace,Ridley Scott,403,2
190,190,77,1.85,1,0,0,0,0,0,0,0,1,0,1,0,0,0,1,1,0,1,0,0,0,0,0,0,6,188,218,120,Michael J. Fox,Rob Minkoff,169,1
191,191,109,2.35,3,0,0,0,0,0,0,0,0,0,0,0,1,0,0,0,0,0,1,0,0,1,0,1,7,245,242,115,Matt Damon,Neill Blomkamp,289,2
192,192,134,2.35,2,0,0,0,0,0,0,0,0,0,0,0,1,0,0,0,0,1,0,0,0,1,0,1,5,725,338,105,Vin Diesel,David Twohy,115,1
193,193,117,2.35,2,0,0,0,1,0,0,0,0,0,0,0,1,0,0,0,0,0,0,0,0,1,0,1,0,142,242,100,Joel Kinnaman,José Padilha,242,1
194,194,135,2.35,1,0,0,1,0,0,0,0,0,0,0,0,0,0,0,1,0,0,0,0,0,0,0,1,4,297,36,120,Emile Hirsch,Lana Wachowski,93,1
195,195,121,1.85,2,0,1,0,0,0,0,0,0,0,1,0,0,0,0,0,0,0,1,0,0,0,0,0,11,139,97,120,Reese Witherspoon,James L. Brooks,48,1
196,196,117,2.35,2,0,1,0,0,0,0,0,0,0,1,0,0,0,0,0,0,0,0,0,0,0,0,1,5,1336,336,117,Tom Cruise,James Mangold,261,1
197,197,124,2.35,2,0,0,0,0,0,0,0,0,0,0,0,0,0,0,0,1,1,0,0,0,1,0,1,3,314,336,120,Tom Cruise,Joseph Kosinski,286,1
198,198,140,2.35,2,0,0,0,0,0,0,0,1,0,0,0,0,0,0,0,0,1,0,0,0,1,0,1,4,514,738,113,Ewan McGregor,George Lucas,850,5
199,199,142,1.78,1,0,0,0,0,0,0,0,1,0,0,0,0,0,0,0,0,1,0,0,0,1,0,1,4,464,638,115,Ewan McGregor,George Lucas,649,4
200,200,92,1.85,0,0,0,0,0,0,0,0,1,0,1,0,0,0,1,1,0,1,0,0,0,0,0,0,10,414,538,115,John Goodman,Pete Docter,562,3
201,201,138,2.35,2,0,0,0,0,0,0,0,0,0,0,0,1,0,0,0,0,1,0,0,0,1,0,1,6,183,415,120,Hugh Jackman,James Mangold,415,2
202,202,136,2.35,1,0,0,0,0,0,0,0,1,0,0,0,0,0,0,0,0,1,0,0,0,1,0,1,4,514,613,115,Liam Neeson,George Lucas,924,5
203,203,98,2.35,1,0,0,0,0,0,0,0,1,0,1,0,0,0,1,1,0,1,0,0,0,0,0,0,2,414,322,135,Nicolas Cage,Kirk De Micco,585,3
204,204,153,2.35,3,0,0,0,0,0,0,0,0,0,0,0,0,1,0,0,0,0,1,0,0,0,0,1,5,223,122,115,Nicolas Cage,John Woo,77,1
205,205,120,2.35,2,0,0,0,0,0,0,0,1,0,0,0,0,0,0,0,0,1,1,0,0,0,0,1,3,164,274,115,Chris Hemsworth,Cedric Nicolas-Troyan,164,1
206,206,101,2.35,2,0,0,0,0,0,0,0,0,0,1,0,0,0,0,0,0,1,0,0,0,1,0,1,7,244,351,125,Megan Fox,Jonathan Liebesman,477,2
207,207,108,2.35,2,0,0,0,0,0,0,0,0,0,0,0,1,0,0,0,0,1,0,0,0,0,0,1,1,89,55,116,Pierce Brosnan,Roger Donaldson,178,1
208,208,112,2.35,2,0,0,0,0,0,0,0,0,0,1,0,0,0,0,0,0,1,0,0,0,1,0,1,5,145,251,135,Megan Fox,Dave Green,245,1
209,209,100,2.35,2,0,0,0,0,0,0,0,0,0,0,0,0,0,0,0,0,1,0,0,0,1,0,1,7,156,589,120,Miles Teller,Josh Trank,167,1
210,210,108,1.85,1,0,0,0,0,0,0,0,1,0,1,0,0,0,0,1,0,1,0,0,0,0,0,1,9,301,458,110,Ben Stiller,Shawn Levy,574,3
211,211,114,2.35,2,0,0,0,0,0,0,0,0,0,0,0,1,0,0,0,0,1,1,0,0,0,0,1,4,364,278,110,Dwayne Johnson,Brad Peyton,470,2
212,212,142,2.35,3,0,0,0,0,0,0,0,0,0,0,0,0,1,0,0,0,0,1,1,0,0,0,1,5,314,240,110,Mel Gibson,Roland Emmerich,215,1
213,213,125,2.35,2,0,0,0,1,0,0,0,0,0,0,0,1,0,0,0,0,0,0,0,0,0,0,0,11,198,244,110,George Clooney,Steven Soderbergh,362,2
214,214,126,2.35,2,0,1,0,1,0,0,0,0,0,1,0,1,0,0,0,0,0,0,0,0,0,0,1,5,291,415,120,Angelina Jolie,Doug Liman,478,3
215,215,119,2.35,2,0,0,0,0,0,0,0,0,0,0,0,1,0,0,0,0,1,0,0,0,1,0,0,2,155,267,110,Shailene Woodley,Robert Schwentke,295,1
216,216,170,2.35,2,0,0,0,0,0,0,0,0,0,0,0,0,0,0,0,0,0,1,0,1,0,0,0,11,100,253,110,Leonardo DiCaprio,Martin Scorsese,102,1
217,217,85,2.35,1,0,0,0,0,0,0,0,1,0,1,0,0,0,0,1,0,1,0,0,0,0,0,0,11,197,338,112,Jack Black,Rob Letterman,27,1
218,218,119,2.35,2,0,0,0,1,0,0,0,0,0,1,0,1,0,0,0,0,0,0,0,0,1,0,1,0,103,127,120,Seth Rogen,Michel Gondry,227,1
219,219,102,2.35,3,0,0,0,0,0,0,0,1,0,0,0,0,1,0,0,0,0,1,0,0,0,0,1,2,314,33,110,Sullivan Stapleton,Noam Murro,337,1
220,220,103,1.78,1,0,0,0,0,0,0,0,1,0,1,0,0,0,1,1,0,1,0,0,0,0,0,0,6,381,427,110,Hank Azaria,Raja Gosnell,563,3
221,221,76,1.78,1,0,0,0,0,0,0,0,0,0,1,1,0,0,1,1,0,0,0,0,0,0,0,0,3,103,103,110,Roseanne Barr,Will Finn,103,1
222,222,120,2.35,2,0,0,0,0,0,0,0,0,0,0,0,1,0,0,0,1,1,0,0,0,1,0,1,2,155,267,110,Shailene Woodley,Robert Schwentke,179,1
223,223,127,2.35,2,0,0,1,0,0,0,0,0,0,0,0,0,0,0,0,0,0,1,0,0,1,0,1,8,201,315,110,Hugh Jackman,Shawn Levy,299,1
224,224,105,1.85,1,0,0,0,0,0,0,0,1,0,1,0,0,0,1,1,0,1,0,0,0,0,0,0,6,331,327,105,Hank Azaria,Raja Gosnell,347,2
225,225,121,2.35,2,0,1,0,1,0,0,0,0,0,0,0,1,0,0,0,0,0,0,0,0,0,0,1,5,25,153,160,Sandra Bullock,Jan de Bont,164,1
226,226,114,2.35,2,0,0,0,0,0,0,0,0,0,0,0,0,0,0,0,0,0,0,0,0,1,0,1,9,174,125,110,Asa Butterfield,Gavin Hood,125,1
227,227,129,2.35,2,0,0,0,0,0,0,0,0,0,0,0,1,0,0,0,0,1,0,0,0,0,0,1,5,297,254,110,Bruce Willis,Len Wiseman,383,2
228,228,120,2.35,1,0,0,0,0,0,0,0,0,0,1,0,0,0,0,0,0,1,0,0,0,0,0,1,5,123,69,110,Jackie Chan,Frank Coraci,72,1
229,229,165,2.35,3,0,0,1,0,0,0,0,0,0,0,0,0,0,0,0,0,0,1,0,1,0,0,0,11,112,338,107,Will Smith,Michael Mann,87,1
230,230,82,1.85,1,0,0,0,0,0,0,0,1,0,1,0,0,0,0,1,0,1,0,0,0,0,0,0,10,100,338,109,Mike Myers,Bo Welch,150,1
231,231,115,2.35,2,0,0,0,0,0,0,0,0,0,0,0,1,0,0,0,1,0,0,0,0,1,0,1,6,186,338,120,Will Smith,Alex Proyas,347,1
232,232,194,2.35,3,0,0,0,0,0,0,0,0,0,0,0,0,1,0,0,0,1,1,1,0,0,0,1,4,201,131,130,Orlando Bloom,Ridley Scott,211,1
233,233,97,1.85,0,1,1,0,0,0,0,0,1,0,0,0,0,0,1,1,0,0,0,0,0,0,0,0,11,293,267,105,Anika Noni Rose,Ron Clements,267,1
234,234,151,2.35,2,0,0,0,0,0,0,0,0,0,0,0,0,0,0,0,0,1,1,0,0,1,0,0,8,301,342,108,Matt Damon,Ridley Scott,630,3
235,235,136,2.35,2,0,1,0,0,0,0,0,0,0,0,0,1,0,0,0,0,1,0,0,0,1,0,1,6,314,338,126,Ewan McGregor,Michael Bay,162,1
236,236,127,2.35,2,0,0,0,1,0,0,0,0,0,0,0,1,0,0,0,0,0,0,0,0,0,0,1,5,132,122,90,Nicolas Cage,Dominic Sena,237,1
237,237,171,2.35,3,0,1,0,0,0,0,0,0,0,0,0,0,0,0,0,0,0,1,0,0,0,0,1,4,251,284,103,Russell Crowe,Ridley Scott,457,2
238,238,145,2.35,2,0,0,0,0,0,0,0,0,0,0,0,1,0,0,0,1,0,0,0,0,1,0,1,5,364,436,102,Tom Cruise,Steven Spielberg,358,2
239,239,119,2.35,2,0,0,0,0,0,0,0,0,0,0,0,1,0,0,0,0,1,0,0,0,1,0,1,6,238,173,100,Mark Wahlberg,Tim Burton,362,1
240,240,153,2.35,3,0,0,0,0,0,0,0,0,0,0,0,0,0,0,0,0,0,0,0,0,1,0,1,6,414,378,102,Arnold Schwarzenegger,James Cameron,520,3
241,241,140,2.35,3,0,1,0,1,0,0,0,0,0,0,0,0,0,0,0,0,0,1,1,1,0,0,0,6,112,272,100,Christian Bale,Michael Mann,214,1
242,242,176,1.85,3,0,0,0,1,0,0,0,0,0,0,0,0,0,0,0,0,0,1,0,1,0,0,0,10,201,119,100,Denzel Washington,Ridley Scott,266,1
243,243,141,2.35,3,0,0,0,0,0,0,0,0,0,1,0,1,0,0,0,0,0,0,0,0,0,0,1,6,364,278,115,Arnold Schwarzenegger,James Cameron,378,2
244,244,106,2.35,3,0,0,0,1,0,0,0,0,0,0,0,1,0,0,0,0,0,0,0,0,0,0,1,5,170,119,100,Denzel Washington,Tony Scott,150,1
245,245,98,1.85,2,0,1,0,0,0,0,0,0,0,1,0,0,0,0,0,0,0,0,0,0,0,0,0,11,72,89,100,Robert De Niro,Paul Weitz,310,1
246,246,116,2.35,2,0,0,0,1,0,0,0,0,0,1,0,0,0,0,0,0,0,0,0,0,0,0,1,7,143,117,100,Will Ferrell,Adam McKay,170,1
247,247,115,2.35,3,0,0,0,0,0,0,0,0,0,0,0,1,0,0,0,1,0,1,0,0,0,0,1,5,134,178,100,Arnold Schwarzenegger,Chuck Russell,242,1
248,248,165,2.35,3,0,0,0,0,0,0,0,0,0,0,1,0,0,0,0,0,0,1,0,0,0,0,0,11,287,331,100,Jamie Foxx,Quentin Tarantino,425,3
249,249,91,1.78,0,1,1,0,0,0,0,0,0,0,0,0,0,0,1,1,0,0,1,0,0,0,0,0,5,143,100,100,Tom Hulce,Gary Trousdale,100,1
250,250,78,1.66,0,0,0,0,0,0,0,0,1,0,1,0,0,0,1,1,0,1,0,0,0,0,0,0,11,162,66,100,David Spade,Mark Dindal,169,1
251,251,103,2.35,3,0,0,0,0,0,0,0,0,0,0,0,1,0,0,0,0,1,0,0,0,0,0,1,7,135,147,92,Sylvester Stallone,Simon West,312,1
252,252,131,2.35,1,0,0,0,0,0,0,0,0,0,1,0,0,0,0,1,1,1,0,0,0,0,0,1,10,203,222,100,Nicolas Cage,Jon Turteltaub,347,2
253,253,104,2.35,1,0,0,0,0,0,0,0,1,0,0,0,0,0,0,1,0,1,0,0,0,0,0,1,11,249,249,100,Ed Speleers,Stefen Fangmeier,249,1
254,254,102,2.35,1,0,0,0,0,0,0,0,1,0,0,0,0,0,1,1,0,1,0,0,0,0,0,0,4,304,203,100,Josh Hutcherson,Chris Wedge,268,1
255,255,103,2.35,2,0,1,0,0,0,0,0,0,0,0,0,1,0,0,0,0,0,0,0,0,0,0,1,11,278,266,100,Johnny Depp,Florian Henckel von Donnersmarck,278,1
256,256,121,2.35,3,0,0,0,0,0,0,0,1,1,0,0,0,0,0,0,1,0,0,0,0,0,0,1,10,155,278,83,Arnold Schwarzenegger,Peter Hyams,211,2
257,257,240,2.35,3,0,0,0,1,0,0,0,0,0,1,0,0,0,0,0,0,0,1,0,1,0,0,0,11,150,353,100,Leonardo DiCaprio,Martin Scorsese,392,2
258,258,121,1.85,2,0,0,0,0,0,0,0,1,0,0,0,0,0,0,0,0,1,0,0,0,0,0,1,4,168,192,100,Val Kilmer,Joel Schumacher,336,2
259,259,129,1.85,3,0,0,0,0,0,0,0,0,0,0,0,0,1,0,0,0,0,0,0,0,1,0,1,10,190,61,105,Casper Van Dien,Paul Verhoeven,121,1
260,260,101,2.35,1,0,0,0,0,0,0,0,1,0,0,0,0,0,1,1,0,1,0,0,0,0,0,1,6,314,140,80,Emily Barclay,Zack Snyder,140,1
261,261,87,2.35,2,0,1,0,1,0,0,0,1,0,0,0,1,0,0,0,0,0,0,0,0,0,0,1,6,82,68,100,Halle Berry,Pitof,82,1
262,262,101,2.35,2,0,0,0,0,0,0,0,0,0,0,0,0,0,0,0,0,1,0,0,0,0,0,1,6,151,178,100,Dwayne Johnson,Brett Ratner,243,1
263,263,95,1.5,1,0,0,0,0,0,0,0,0,0,0,0,0,0,1,1,0,1,0,0,0,1,0,0,10,293,41,140,Joseph Gordon-Levitt,Ron Clements,109,1
264,264,102,1.85,2,0,0,0,0,0,0,0,0,0,1,0,0,0,0,0,0,1,0,0,0,1,0,0,5,122,117,100,Will Ferrell,Brad Silberling,68,1
265,265,131,2.35,2,0,0,0,0,0,0,0,0,0,0,0,1,0,0,0,0,1,0,0,0,0,0,1,7,206,147,90,Sylvester Stallone,Patrick Hughes,206,1
266,266,114,2.35,2,0,0,1,1,0,0,0,0,0,0,0,1,0,0,0,0,0,0,0,0,0,0,1,11,133,133,105,Edgar Ramírez,Ericson Core,133,1
267,267,94,1.85,1,0,0,0,0,0,0,0,1,0,1,0,0,0,0,1,0,0,0,0,0,0,0,0,1,466,70,84,Jamie Kennedy,Lawrence Guterman,100,1
268,268,122,1.85,2,0,0,0,0,0,0,0,0,0,0,0,1,0,0,0,0,1,1,1,1,0,0,1,10,232,274,100,Chris Hemsworth,Ron Howard,93,1
269,269,95,1.85,2,0,0,0,0,0,0,0,0,0,1,0,0,0,0,0,0,0,0,0,0,1,0,1,7,185,118,100,Eddie Murphy,Ron Underwood,7,1
270,270,88,1.85,0,0,0,0,0,0,0,0,0,0,1,0,0,0,1,1,0,1,0,0,0,0,0,0,10,314,24,99,Noah Schnapp,Steve Martino,246,1
271,271,110,1.85,1,0,0,0,0,0,0,0,0,0,0,0,1,0,0,0,1,0,1,0,0,0,0,0,8,7,56,100,Steve Martin,David Mamet,13,1
272,272,130,2.35,2,0,0,0,0,0,0,0,1,0,0,0,1,0,0,0,0,1,0,0,0,0,0,1,3,286,321,98,Brendan Fraser,Stephen Sommers,433,3
273,273,216,2.35,3,0,0,0,1,0,0,0,0,0,0,0,0,0,0,0,0,0,1,0,0,0,0,0,11,100,253,100,Leonardo DiCaprio,Martin Scorsese,193,1
274,274,85,1.85,1,0,0,1,0,0,0,0,0,0,1,0,0,0,1,1,0,0,0,0,0,0,0,0,5,149,338,100,Shia LaBeouf,Ash Brannon,149,1
275,275,93,1.85,2,0,0,0,0,0,0,0,0,0,1,0,1,0,0,0,0,0,0,0,0,1,0,0,5,302,40,90,Nicole Kidman,Frank Oz,102,1
276,276,152,2.35,3,0,0,0,0,0,0,0,0,0,0,0,0,1,0,0,0,0,1,1,0,0,0,0,11,201,65,92,Josh Hartnett,Ridley Scott,172,1
277,277,85,1.85,3,0,0,0,0,0,0,0,0,0,1,0,0,0,0,0,0,0,0,0,0,0,0,0,7,244,117,95,Will Ferrell,Jay Roach,104,1
278,278,146,1.85,3,0,1,0,0,0,0,0,0,0,1,0,0,0,0,0,0,0,1,0,0,0,0,0,4,288,159,100,Sarah Jessica Parker,Michael Patrick King,288,1
279,279,89,1.85,1,0,1,0,0,0,0,0,0,0,1,0,0,0,1,1,0,1,0,0,0,0,0,0,2,382,38,95,Kenneth Branagh,Bibo Bergeron,76,1
280,280,88,2.35,1,0,0,0,0,0,0,0,0,0,1,0,0,0,1,1,0,1,0,0,0,0,0,0,5,464,638,95,John Leguizamo,Steve Martino,877,4
281,281,105,2.35,1,0,1,0,0,0,0,0,1,0,0,0,0,0,0,1,0,0,1,0,0,0,0,0,2,414,479,95,Lily James,Kenneth Branagh,543,3
282,282,135,2.35,2,0,0,0,0,0,0,0,1,0,0,0,1,0,0,0,0,0,1,0,0,0,0,0,11,314,49,65,Rachel Weisz,Peter Jackson,93,1
283,283,100,1.85,0,0,0,0,0,0,0,0,0,0,1,0,0,0,1,1,0,1,0,0,0,0,0,0,4,514,723,94,Albert Brooks,Andrew Stanton,940,5
284,284,192,2.35,2,0,0,0,0,0,0,0,1,0,0,0,0,0,0,0,0,1,1,0,0,0,0,1,11,514,738,94,Elijah Wood,Peter Jackson,1118,5
285,285,172,2.35,2,0,0,0,0,0,0,0,1,0,0,0,0,0,0,0,0,1,1,0,0,0,0,1,11,514,738,94,Elijah Wood,Peter Jackson,926,5
286,286,102,2.35,2,0,0,0,0,0,0,0,1,0,0,0,0,0,0,0,0,1,0,0,0,0,0,1,11,114,76,95,Jeff Bridges,Sergey Bodrov,114,1
287,287,100,2.35,2,0,0,0,0,0,0,0,1,0,0,0,1,0,0,0,0,1,0,0,0,0,0,1,5,135,215,115,Angelina Jolie,Simon West,274,1
288,288,92,1.85,2,0,0,0,0,0,0,0,0,0,0,0,1,0,0,0,0,1,0,0,0,1,0,1,6,261,436,93,Sam Neill,Joe Johnston,368,2
289,289,105,2.35,2,0,0,0,0,0,0,0,0,0,0,0,1,0,0,0,0,0,1,0,0,1,0,1,7,361,364,93,James Franco,Rupert Wyatt,482,3
290,290,107,2.35,1,0,0,0,0,0,0,0,1,0,0,0,0,0,0,1,0,1,0,0,0,0,0,0,1,117,76,90,Freddie Highmore,Mark Waters,162,1
291,291,101,1.85,3,0,0,0,0,0,0,0,0,0,0,0,1,0,0,0,0,0,0,0,0,0,0,1,1,189,254,92,Bruce Willis,John Moore,304,2
292,292,137,2.35,2,0,0,0,0,0,0,0,0,0,0,1,0,1,0,0,0,0,1,1,0,0,0,0,3,130,145,107,Dennis Quaid,John Lee Hancock,25,1
293,293,115,2.35,1,0,0,0,0,0,0,0,0,0,0,0,0,0,1,1,0,1,0,0,0,0,0,1,10,464,638,92,Craig T. Nelson,Brad Bird,631,4
294,294,124,2.35,2,0,0,0,0,0,0,0,0,0,1,0,0,0,0,0,0,1,0,0,0,0,0,1,11,79,57,98,Geena Davis,Renny Harlin,10,1
295,295,98,1.85,2,0,0,0,0,0,0,0,0,0,1,0,0,0,0,1,1,1,0,0,0,1,0,0,6,463,480,90,Tommy Lee Jones,Barry Sonnenfeld,589,4
296,296,82,1.85,0,0,0,0,0,0,0,0,1,0,1,0,0,0,1,1,0,1,0,0,0,0,0,0,9,414,514,90,Tom Hanks,John Lasseter,497,3
297,297,98,2.35,2,0,0,0,0,0,0,0,0,0,0,0,1,0,0,0,0,0,0,0,0,0,0,1,10,170,119,100,Denzel Washington,Tony Scott,167,1
298,298,90,2.35,2,0,0,0,1,0,0,0,0,0,1,0,1,0,0,0,0,0,0,0,0,0,0,1,7,201,301,90,Chris Tucker,Brett Ratner,347,2
299,299,130,2.35,2,0,0,0,0,0,0,0,1,1,0,0,1,0,0,0,1,0,1,0,0,0,0,0,6,276,226,100,Harrison Ford,Robert Zemeckis,155,1
300,300,90,2.35,1,0,0,0,0,0,0,0,0,0,1,0,0,0,1,1,0,0,0,0,0,1,0,0,8,211,245,100,Bill Hader,Phil Lord,242,1
301,301,94,1.85,1,0,0,0,0,0,0,0,0,0,1,0,0,0,1,1,0,1,0,0,0,0,0,1,5,314,338,90,Ray Romano,Carlos Saldanha,86,1
302,302,114,2.35,1,0,1,0,0,0,0,0,1,0,1,0,0,0,0,0,0,1,1,0,0,0,0,0,11,133,258,90,Ben Stiller,Ben Stiller,188,1
303,303,94,2.35,2,0,0,0,1,0,0,0,0,0,1,0,1,0,0,0,0,1,0,0,0,0,0,1,10,19,173,92,Cameron Diaz,McG,264,1
304,304,151,2.35,3,0,0,0,1,0,0,0,0,0,0,0,1,0,0,0,0,0,1,0,0,0,0,0,9,100,253,90,Leonardo DiCaprio,Martin Scorsese,289,1
305,305,88,1.66,0,1,0,0,0,0,0,0,1,0,0,0,0,1,1,1,0,1,0,0,0,0,0,0,5,354,218,90,Eddie Murphy,Tony Bancroft,304,2
306,306,121,2.35,3,0,0,0,0,0,0,0,0,0,1,0,0,0,0,0,0,0,0,0,0,0,0,1,7,133,258,92,Ben Stiller,Ben Stiller,188,1
307,307,158,2.35,3,0,0,0,1,0,0,0,0,0,0,0,1,0,0,0,1,0,1,0,0,0,0,0,11,219,135,90,Daniel Craig,David Fincher,232,1
308,308,128,1.85,2,0,0,0,1,0,0,0,0,0,0,0,1,0,0,0,1,1,0,0,0,0,0,1,11,414,538,90,Robert Downey Jr.,Guy Ritchie,524,3
309,309,141,2.35,2,0,0,0,0,0,0,0,0,0,0,0,0,0,0,0,0,1,1,1,0,0,0,0,7,154,94,92,Jack Huston,Timur Bekmambetov,94,1
310,310,141,2.35,2,0,0,0,0,0,0,0,0,0,0,0,0,0,0,0,0,1,1,1,0,0,0,0,7,154,94,100,Jack Huston,Timur Bekmambetov,94,1
311,311,95,2.35,1,0,0,0,0,0,0,0,1,0,0,0,0,0,1,1,0,1,0,0,0,1,0,1,5,143,218,120,Michael J. Fox,Gary Trousdale,186,1
312,312,92,1.85,1,0,0,0,0,0,0,0,1,0,1,0,0,0,1,1,0,1,0,0,0,0,0,0,11,193,159,90,Jason Lee,Walt Becker,233,1
313,313,121,1.85,2,0,0,0,0,0,0,0,0,0,0,0,1,1,0,0,0,0,1,1,0,0,0,0,11,314,336,75,Tom Cruise,Bryan Singer,200,1
314,314,113,1.85,2,0,0,0,0,0,0,0,0,0,1,0,0,0,0,0,0,0,0,0,0,0,0,1,5,153,167,90,Adam Sandler,Dennis Dugan,201,1
315,315,106,2.35,2,0,0,0,0,0,0,0,0,0,1,0,0,0,1,0,0,0,0,0,0,1,0,1,6,235,167,88,Adam Sandler,Chris Columbus,243,1
316,316,146,1.85,2,0,0,0,0,0,0,0,0,0,0,0,0,0,0,0,0,1,1,0,0,1,0,0,5,314,117,100,Haley Joel Osment,Steven Spielberg,235,1
317,317,88,2.35,1,0,0,0,0,0,0,0,1,1,1,0,0,0,0,1,1,0,0,0,0,0,0,0,10,188,118,90,Eddie Murphy,Rob Minkoff,182,1
318,318,150,2.35,1,0,0,0,0,0,0,0,0,0,0,0,1,0,0,0,1,0,1,0,0,1,0,0,6,276,144,90,Jodie Foster,Robert Zemeckis,171,1
319,319,119,1.85,3,0,0,0,0,0,0,0,0,1,0,0,1,0,0,0,0,0,0,0,0,1,0,1,7,190,71,95,Kevin Bacon,Paul Verhoeven,190,1
320,320,106,2.35,1,0,0,0,0,0,0,0,1,0,0,0,0,0,0,1,0,1,0,0,0,0,0,0,7,107,69,90,Logan Lerman,Thor Freudenthal,174,1
321,321,117,2.35,2,0,0,0,0,0,0,0,1,0,0,0,0,0,0,0,0,1,0,0,0,0,0,1,6,251,215,95,Angelina Jolie,Jan de Bont,156,1
322,322,129,2.35,2,0,0,0,1,0,0,0,0,0,1,0,1,0,0,0,1,1,0,0,0,0,0,1,5,273,322,90,Jesse Eisenberg,Jon M. Chu,334,2
323,323,116,2.35,2,0,1,0,0,0,0,0,0,0,0,0,1,0,0,0,0,1,0,0,0,1,0,1,3,191,92,68,Val Kilmer,Phillip Noyce,118,1
324,324,114,2.35,1,0,0,0,0,0,0,0,0,0,0,0,1,0,0,0,0,1,0,0,0,1,0,0,2,855,304,90,Gary Sinise,Brian De Palma,60,1
325,325,96,2.35,0,1,0,0,0,0,0,0,0,0,1,0,0,0,1,1,0,1,0,0,0,0,0,0,3,414,422,90,Jesse Eisenberg,Carlos Saldanha,484,3
326,326,132,1.85,1,0,0,0,0,0,0,0,0,0,1,0,0,0,0,0,0,0,1,0,0,1,0,0,11,235,159,100,Robin Williams,Chris Columbus,93,1
327,327,104,1.85,2,0,0,0,0,0,0,0,0,0,0,0,1,0,0,0,0,0,1,0,0,1,0,1,3,205,180,90,Tommy Lee Jones,Mick Jackson,80,1
328,328,111,2.35,3,0,0,0,1,0,0,0,0,0,0,0,1,0,0,0,0,0,1,0,0,0,0,1,2,168,226,86,Harrison Ford,Alan J. Pakula,140,1
329,329,129,2.35,3,0,0,0,0,0,0,0,1,0,0,0,0,0,0,0,0,1,0,0,0,0,0,0,3,89,278,20,Arnold Schwarzenegger,John Milius,79,2
330,330,144,2.35,2,0,0,1,0,0,0,0,0,0,0,0,0,0,0,0,0,0,1,0,1,0,0,0,5,232,184,88,Russell Crowe,Ron Howard,108,1
331,331,140,2.35,2,0,0,1,0,0,0,0,0,0,0,0,0,0,0,0,0,0,1,1,0,0,0,0,6,288,76,87,Jeff Bridges,Gary Ross,148,1
332,332,113,2.35,2,0,0,0,0,0,0,0,0,0,0,0,1,0,0,0,0,1,1,0,0,0,0,1,4,401,638,92,Helen Hunt,Jan de Bont,494,4
333,333,143,1.85,2,0,1,0,0,0,0,0,0,0,0,0,0,0,0,0,0,1,1,0,0,0,0,0,11,326,413,90,Tom Hanks,Robert Zemeckis,429,2
334,334,108,2.35,1,0,1,0,0,0,0,0,0,0,1,0,0,0,1,1,0,0,0,0,0,0,0,0,10,364,438,100,Elijah Wood,George Miller,384,2
335,335,108,2.35,2,0,0,0,0,0,0,0,0,0,0,0,1,0,0,0,1,0,0,0,0,0,0,1,6,275,242,75,Matt Damon,Paul Greengrass,288,2
336,336,124,2.35,3,0,0,0,0,0,0,0,0,0,0,0,1,0,0,0,0,1,1,0,0,0,0,1,6,351,326,85,Harrison Ford,Wolfgang Petersen,315,2
337,337,116,2.35,2,0,0,0,1,0,0,0,0,0,0,0,1,0,0,0,0,0,0,0,0,0,0,0,11,248,344,85,George Clooney,Steven Soderbergh,450,3
338,338,91,1.85,1,0,0,0,0,0,0,0,1,0,1,0,0,0,1,1,0,0,0,0,0,0,0,0,8,364,267,85,Adam Sandler,Genndy Tartakovsky,358,2
339,339,107,2.35,1,1,1,0,0,0,0,0,1,0,1,0,0,0,1,1,0,0,0,0,0,0,0,0,10,312,216,85,Amy Adams,Kevin Lima,340,2
340,340,115,2.35,3,0,0,0,1,0,0,0,0,0,0,0,1,0,0,0,1,0,0,0,0,0,0,1,1,208,119,85,Denzel Washington,Daniel Espinosa,208,1
341,341,100,1.85,0,0,0,0,0,0,0,0,0,0,1,0,0,0,0,1,0,1,0,0,0,0,0,0,9,262,109,85,Glenn Close,Kevin Lima,183,1
342,342,104,2.35,2,0,0,0,1,0,0,0,0,0,1,0,0,0,0,0,0,0,0,0,0,0,0,1,10,151,258,75,Ben Stiller,Brett Ratner,152,1
343,343,138,1.85,2,0,1,0,0,0,0,0,0,0,1,0,0,0,0,0,0,0,0,0,0,0,0,0,11,249,173,85,Cameron Diaz,Nancy Meyers,194,1
344,344,140,2.35,3,0,0,0,1,0,0,0,0,0,0,0,1,0,0,0,1,0,1,0,0,0,0,1,10,220,438,90,Will Smith,Tony Scott,250,2
345,345,120,1.85,3,0,1,0,0,0,0,0,0,0,1,0,0,0,0,0,0,0,1,0,0,0,0,0,11,249,156,85,Meryl Streep,Nancy Meyers,219,1
346,346,122,2.35,2,0,0,0,1,0,0,0,0,0,0,0,1,0,0,0,0,0,0,0,0,0,0,0,5,64,244,85,George Clooney,Steven Soderbergh,311,2
347,347,83,1.85,1,0,0,0,0,0,0,0,0,0,1,0,0,0,1,1,0,1,0,0,0,0,0,0,8,197,100,85,Martin Lawrence,Roger Allers,197,1
348,348,139,2.35,2,0,0,0,0,0,0,0,0,0,0,0,0,0,0,0,1,1,0,0,0,1,0,0,2,143,367,85,Shailene Woodley,Neil Burger,288,2
349,349,131,2.35,3,0,0,0,0,0,0,0,0,0,0,0,0,1,0,0,0,0,1,1,0,0,0,0,2,114,81,68,Jude Law,Jean-Jacques Annaud,96,1
350,350,104,2.35,2,0,0,0,0,0,0,0,0,0,1,0,1,0,0,0,0,1,0,0,0,0,0,1,8,208,178,85,Dwayne Johnson,Peter Berg,80,1
351,351,130,2.35,2,0,0,0,0,0,0,0,1,0,1,0,0,0,0,0,0,1,0,0,0,0,0,1,5,95,178,70,Arnold Schwarzenegger,John McTiernan,137,1
352,352,145,2.35,2,0,1,0,0,0,0,0,0,0,0,0,0,0,0,0,0,0,1,0,0,0,0,0,11,314,162,85,Zhang Ziyi,Rob Marshall,162,1
353,353,104,2.35,2,0,0,0,1,0,0,0,0,0,0,0,1,0,0,0,0,0,0,0,0,0,0,1,5,282,158,85,Lucas Black,Justin Lin,158,1
354,354,178,1.85,2,0,1,0,0,0,0,0,1,0,0,0,0,0,0,0,0,0,1,0,0,0,0,0,10,126,193,90,Brad Pitt,Martin Brest,142,1
355,355,108,1.85,3,0,0,0,0,0,0,0,0,0,0,0,1,0,0,0,0,0,1,0,0,0,0,1,1,126,178,85,Arnold Schwarzenegger,Andrew Davis,78,1
356,356,123,1.85,3,1,0,0,0,0,0,0,0,0,1,0,0,0,0,0,0,0,1,0,0,0,0,0,11,28,177,70,Roy Scheider,Bob Fosse,37,1
357,357,106,1.85,1,0,0,0,0,0,0,0,1,0,1,0,0,0,0,1,0,1,1,0,0,0,0,0,2,136,159,85,Julia Roberts,Tarsem Singh,183,1
358,358,112,1.85,2,0,1,0,0,0,0,0,1,0,1,0,0,0,0,0,0,0,0,0,0,0,0,1,6,47,268,60,Michael Cera,Edgar Wright,47,1
359,359,135,2.35,2,0,0,0,0,0,0,0,0,0,0,0,1,0,0,0,0,1,0,0,0,1,0,1,2,75,45,60,Aaron Eckhart,Jon Amiel,74,1
360,360,109,1.85,2,0,1,0,0,0,0,0,0,0,1,0,0,0,0,0,0,0,0,0,0,1,0,0,6,130,118,65,Eddie Murphy,Peter Segal,123,1
361,361,86,1.85,1,0,0,0,0,0,0,0,0,0,1,0,0,0,0,0,1,1,0,0,0,0,0,0,5,331,175,84,Freddie Prinze Jr.,Raja Gosnell,275,2
362,362,107,1.85,2,0,1,0,0,0,0,0,1,0,1,0,0,0,0,0,0,0,1,0,0,0,0,0,5,173,267,70,Adam Sandler,Frank Coraci,237,2
363,363,130,1.85,3,0,0,0,0,0,0,0,1,1,1,0,0,0,0,0,0,0,0,0,0,0,0,0,10,22,210,80,Hal Holbrook,George A. Romero,21,1
364,364,88,2.35,2,0,0,0,0,0,0,0,0,0,0,0,1,0,0,0,0,1,0,0,0,1,0,1,1,241,179,85,Hayden Christensen,Doug Liman,222,2
365,365,120,1.85,2,0,0,0,0,0,0,0,1,1,0,0,0,0,0,0,0,1,0,0,0,1,0,1,6,205,129,85,Ron Perlman,Guillermo del Toro,160,1
366,366,162,2.35,3,0,0,0,1,0,0,0,0,0,0,0,1,0,0,0,1,0,1,1,0,0,0,0,2,219,71,65,Jake Gyllenhaal,David Fincher,84,1
367,367,123,2.35,2,0,0,0,0,0,0,0,0,0,0,0,1,0,0,0,1,0,0,0,0,1,0,1,10,48,178,82,Arnold Schwarzenegger,Roger Spottiswoode,96,1
368,368,101,1.85,2,0,0,0,0,0,0,0,0,0,1,0,0,0,0,0,0,0,1,0,0,0,0,0,4,189,187,81,Jim Carrey,Tom Shadyac,84,1
369,369,113,2.35,3,0,0,0,0,0,0,0,0,0,0,0,1,0,0,0,0,1,0,0,0,0,0,1,7,265,247,80,Sylvester Stallone,Sylvester Stallone,274,2
370,370,110,2.35,2,0,0,0,0,0,0,0,0,0,0,0,1,0,0,0,0,1,0,0,0,0,0,1,4,235,636,80,Tom Cruise,Brian De Palma,457,4
371,371,142,2.35,2,0,0,0,0,0,0,0,0,0,0,0,1,0,0,0,0,1,1,0,0,1,0,0,2,438,638,78,Jennifer Lawrence,Gary Ross,691,4
372,372,102,2.35,3,0,0,0,0,0,0,0,0,0,1,0,0,0,0,0,0,0,0,0,0,0,0,0,4,238,292,80,Bradley Cooper,Todd Phillips,254,2
373,373,126,1.85,2,0,0,0,0,0,0,0,0,0,0,0,0,0,0,0,0,0,0,0,0,0,0,1,5,288,240,80,Michael Keaton,Tim Burton,280,2
374,374,83,1.85,1,0,0,0,0,0,0,0,0,0,1,0,0,0,1,1,0,1,0,0,0,0,0,0,3,221,254,80,Bruce Willis,Tim Johnson,343,2
375,375,85,1.66,1,0,0,0,0,0,0,0,1,0,1,0,0,0,1,1,0,1,1,0,0,1,0,0,5,314,145,80,Chris Sanders,Dean DeBlois,145,1
376,376,97,1.85,0,0,0,0,0,0,0,0,1,0,1,0,0,0,0,1,0,0,0,0,0,0,0,0,11,88,159,70,Julia Roberts,Gary Winick,144,1
377,377,120,2.35,2,0,1,0,0,0,0,0,0,0,0,0,1,0,0,0,0,0,1,0,0,1,0,1,4,65,56,75,Robert Duvall,Mimi Leder,140,1
378,378,116,2.35,2,0,0,0,1,0,0,0,0,0,1,0,1,0,0,0,0,0,0,0,0,0,0,1,6,75,154,84,Bruce Willis,Dean Parisot,90,1
379,379,113,2.35,2,0,0,1,1,0,0,0,0,0,1,0,0,0,0,0,0,0,0,0,0,0,0,0,4,130,167,82,Adam Sandler,Peter Segal,190,1
380,380,87,1.85,0,0,0,0,0,0,0,0,1,0,1,0,0,0,1,1,0,1,0,0,0,0,0,0,11,361,259,75,Jason Lee,Mike Mitchell,342,2
381,381,101,1.85,2,0,0,0,0,0,0,0,0,0,1,0,0,0,0,0,0,0,0,0,0,0,0,0,6,153,167,80,Adam Sandler,Dennis Dugan,246,1
382,382,110,1.85,2,0,0,0,0,0,0,0,0,0,1,0,0,0,0,0,0,1,0,0,0,0,0,1,5,130,253,80,Steve Carell,Peter Segal,230,1
383,383,128,1.85,2,0,1,0,0,0,0,0,0,0,1,0,0,0,0,0,0,0,1,0,0,0,0,0,11,299,219,80,Jack Nicholson,Nancy Meyers,266,2
384,384,138,2.35,3,0,0,0,0,0,0,0,0,0,0,0,1,0,0,0,1,0,0,0,0,0,0,0,1,150,353,80,Leonardo DiCaprio,Martin Scorsese,294,2
385,385,91,1.85,1,0,0,0,0,0,0,0,0,0,1,0,0,0,1,1,0,1,0,0,0,1,0,0,2,354,259,75,Robin Williams,Chris Wedge,260,2
386,386,138,2.35,3,0,0,0,1,0,0,0,0,0,0,0,1,0,0,0,0,0,0,0,0,1,0,1,5,223,118,80,John Travolta,John Woo,245,1
387,387,99,2.35,1,0,1,0,0,0,0,0,1,0,1,0,0,0,0,1,0,0,0,0,0,0,0,0,11,110,167,80,Adam Sandler,Adam Shankman,212,1
388,388,117,2.35,3,0,0,0,1,0,0,0,0,0,0,0,1,0,0,0,0,0,1,0,0,0,0,0,6,156,313,80,Tom Hanks,Sam Mendes,181,1
389,389,117,1.85,2,0,1,0,0,0,0,0,0,0,1,0,0,0,0,0,0,0,0,0,0,0,0,0,1,153,167,80,Adam Sandler,Dennis Dugan,214,1
390,390,123,2.35,3,0,0,0,1,0,0,0,0,0,0,0,1,0,0,0,0,0,0,0,0,0,0,1,5,135,122,75,Nicolas Cage,Simon West,224,1
391,391,118,2.35,2,0,0,0,0,0,0,0,0,0,0,0,1,0,0,0,1,0,0,0,0,0,0,1,8,146,338,80,Shia LaBeouf,D.J. Caruso,178,1
392,392,154,2.35,3,0,1,0,0,0,0,0,0,0,0,0,0,1,0,0,0,1,1,1,0,0,0,0,11,177,81,79,Jude Law,Anthony Minghella,173,1
393,393,118,2.35,3,0,0,0,0,0,0,0,0,0,0,0,1,0,0,0,0,1,1,0,0,0,0,1,0,865,119,80,Denzel Washington,Albert Hughes,157,1
394,394,90,1.85,1,0,0,0,0,0,0,0,0,0,1,0,0,0,0,1,0,0,0,0,0,1,0,0,10,79,159,80,Robin Williams,Les Mayfield,177,1
395,395,113,2.35,2,0,0,0,0,0,0,0,1,1,0,0,1,0,0,0,1,0,0,0,0,0,0,0,6,251,213,80,Liam Neeson,Jan de Bont,91,1
396,396,88,1.77,1,0,0,1,0,0,0,0,1,0,1,0,0,0,1,1,0,1,0,0,0,1,0,0,10,250,135,80,Michael Jordan,Joe Pytka,250,1
397,397,93,1.85,1,0,0,0,1,0,0,0,0,0,1,0,0,0,0,1,1,1,0,0,0,0,0,0,0,201,56,65,Steve Martin,Shawn Levy,70,1
398,398,104,2.35,2,0,0,0,0,0,0,0,0,0,0,0,1,0,0,0,0,0,1,0,0,1,0,0,11,113,165,80,Keanu Reeves,Scott Derrickson,233,1
399,399,135,2.35,3,0,1,0,1,0,0,0,0,0,0,0,1,0,0,0,1,0,0,0,0,0,0,1,7,143,240,75,Mel Gibson,Richard Donner,136,1
400,400,134,2.35,3,0,0,0,0,0,0,0,0,0,0,0,0,1,0,0,0,0,1,0,0,0,0,1,9,182,193,68,Brad Pitt,David Ayer,211,1
401,401,98,2.35,2,0,1,0,0,0,0,0,0,0,1,0,0,0,0,0,0,1,0,0,0,0,0,1,5,113,226,70,Harrison Ford,Ivan Reitman,164,1
402,402,80,1.85,1,0,0,0,0,0,0,0,0,0,1,0,0,0,1,1,0,1,0,0,0,0,0,0,11,151,8,80,Dan Aykroyd,Eric Brevig,201,1
403,403,83,2.35,0,0,0,0,0,0,0,0,0,0,0,1,0,0,1,1,0,1,0,0,0,0,0,0,4,122,142,80,Matt Damon,Kelly Asbury,122,1
404,404,102,2.35,1,0,1,0,0,0,0,0,0,0,1,0,0,0,0,1,0,0,0,0,0,0,0,0,6,123,131,80,Kevin James,Frank Coraci,169,1
405,405,130,2.35,2,0,0,0,0,0,0,0,0,0,0,0,1,0,0,1,0,1,0,0,0,1,0,1,3,70,153,80,Gary Oldman,Stephen Hopkins,136,1
406,406,129,1.85,3,0,0,0,0,0,0,0,0,0,0,0,1,0,0,0,1,0,1,0,0,1,0,0,6,115,119,80,Denzel Washington,Jonathan Demme,96,1
407,407,89,1.85,1,0,0,0,0,0,0,0,1,0,1,0,0,0,1,1,0,0,0,0,0,0,0,0,8,414,367,80,Adam Sandler,Genndy Tartakovsky,473,3
408,408,74,1.78,0,0,0,0,0,0,0,0,1,0,0,0,0,0,1,1,0,0,0,0,0,0,0,0,11,90,56,80,Steve Martin,James Algar,90,1
409,409,96,2.35,2,0,0,0,0,0,0,0,0,0,0,0,0,0,0,0,0,1,0,0,0,1,0,1,2,127,81,80,Guy Pearce,Simon Wells,123,1
410,410,114,1.85,1,0,0,0,0,0,0,0,1,0,0,0,1,0,0,1,0,1,0,0,0,0,0,1,11,18,32,90,Charlize Theron,Ron Underwood,80,1
411,411,99,2.35,3,0,0,0,1,0,0,0,0,0,0,0,1,0,0,0,0,0,0,0,0,0,0,1,5,132,118,80,John Travolta,Dominic Sena,147,1
412,412,129,2.35,1,0,0,0,0,0,0,0,0,0,0,1,0,0,0,0,0,1,0,0,0,0,0,1,9,165,139,75,Antonio Banderas,Martin Campbell,142,1
413,413,113,2.35,2,0,1,0,0,0,0,0,1,0,0,0,0,0,0,0,0,0,1,0,0,0,0,0,9,71,159,85,Robin Williams,Vincent Ward,71,1
414,414,90,1.85,2,0,0,0,0,0,0,0,1,0,1,0,0,0,0,0,0,0,0,0,0,0,0,0,10,60,167,80,Adam Sandler,Steven Brill,92,1
415,415,118,1.85,2,0,0,0,0,0,0,0,1,0,1,0,1,0,0,0,0,1,0,0,0,0,0,1,7,52,93,88,Heath Ledger,Terry Gilliam,105,1
416,416,106,2.35,2,0,0,0,0,0,0,0,0,0,1,0,0,0,0,0,0,0,0,0,0,1,0,1,11,238,119,70,Jack Nicholson,Tim Burton,101,1
417,417,117,2.35,3,0,0,0,0,0,0,0,0,0,0,0,1,0,0,0,0,1,1,0,0,0,0,1,8,73,58,60,Alec Baldwin,Lee Tamahori,43,1
418,418,89,2.35,2,0,0,0,0,0,0,0,0,0,0,0,1,0,0,0,0,0,0,0,0,1,0,1,8,202,154,80,Bruce Willis,Jonathan Mostow,122,1
419,419,145,1.85,2,0,0,0,0,0,0,0,0,0,0,0,1,0,0,0,0,0,1,1,0,0,0,0,11,89,99,80,Kevin Costner,Roger Donaldson,34,1
420,420,114,1.85,2,0,0,0,0,0,0,0,0,0,0,0,1,0,0,0,0,1,1,0,0,0,0,1,11,150,147,80,Sylvester Stallone,Rob Cohen,159,1
421,421,119,2.35,2,0,0,0,0,0,0,0,0,0,0,0,0,0,0,0,0,1,0,0,0,1,0,1,4,21,118,44,John Travolta,Roger Christian,21,1
422,422,118,2.35,2,1,1,0,0,0,0,0,0,0,0,0,0,0,0,0,0,0,1,0,0,0,0,0,11,314,53,80,Judi Dench,Rob Marshall,53,1
423,423,116,2.35,2,0,0,0,0,0,0,0,0,0,0,0,0,0,0,0,0,1,0,0,0,1,0,1,10,143,90,80,Paul Walker,Richard Donner,19,1
424,424,177,2.35,3,0,0,0,0,0,0,0,0,0,0,0,0,0,0,0,0,1,1,0,0,1,0,1,11,170,99,80,Kevin Costner,Kevin Costner,17,1
425,425,106,2.35,2,0,0,0,0,0,0,0,1,0,0,0,0,0,0,0,0,1,0,0,0,0,0,1,9,100,338,90,Vin Diesel,Breck Eisner,146,1
426,426,106,2.35,2,0,0,0,0,0,0,0,0,0,0,0,1,0,0,0,0,0,0,0,0,1,0,1,10,33,92,70,Val Kilmer,Antony Hoffman,33,1
427,427,135,1.85,2,0,0,0,0,0,0,0,0,0,0,0,0,0,0,0,0,0,1,0,1,0,0,0,11,332,384,58,Russell Crowe,Ron Howard,313,3
428,428,73,1.66,0,1,0,0,0,0,0,0,0,0,0,0,0,0,1,1,0,1,1,0,0,0,0,0,5,514,738,45,Jonathan Taylor Thomas,Roger Allers,788,5
429,429,94,1.85,1,0,0,0,0,0,0,0,1,0,1,0,0,0,0,1,0,1,0,0,0,1,0,1,0,414,378,79,Dwayne Johnson,Brad Peyton,355,3
430,430,95,2.35,1,0,0,0,0,0,0,0,1,0,1,0,0,0,1,1,0,0,0,0,0,1,0,0,8,298,345,78,Bill Hader,Cody Cameron,248,2
431,431,136,2.35,2,0,0,0,0,0,0,0,0,0,0,1,0,0,0,0,0,1,0,0,0,0,0,1,2,211,54,100,Viggo Mortensen,Joe Johnston,108,1
432,432,91,1.85,1,0,0,0,0,0,0,0,0,0,1,0,0,0,0,0,0,0,0,0,0,0,0,0,10,153,167,79,Adam Sandler,Dennis Dugan,149,1
433,433,107,2.35,2,0,0,0,1,0,0,0,0,0,0,0,1,0,0,0,0,0,0,0,0,0,0,1,5,137,190,76,Paul Walker,John Singleton,236,2
434,434,99,1.85,2,0,0,0,0,0,0,0,0,0,0,0,1,0,0,0,0,0,0,0,0,1,0,0,7,15,40,80,Nicole Kidman,Oliver Hirschbiegel,15,1
435,435,92,1.85,1,0,0,0,0,0,0,0,1,0,1,0,0,0,1,1,0,1,0,0,0,0,0,0,5,35,35,76,Rene Russo,Des McAnuff,35,1
436,436,110,2.35,2,0,0,0,0,0,0,0,1,0,0,0,0,0,0,0,0,1,0,0,0,1,0,1,6,155,104,78,Sean Connery,Stephen Norrington,179,1
437,437,98,1.85,1,0,0,0,0,0,0,0,0,0,1,0,0,0,1,1,0,0,0,0,0,1,0,0,5,514,653,76,Steve Carell,Pierre Coffin,970,5
438,438,154,2.35,2,0,0,0,0,0,0,0,0,0,0,0,0,0,0,0,0,1,0,0,0,1,0,1,5,514,738,75,Will Smith,Roland Emmerich,816,5
439,439,129,1.85,2,0,0,0,0,0,0,0,0,0,0,0,0,0,0,0,0,1,0,0,0,1,0,1,4,364,261,73,Jeff Goldblum,Steven Spielberg,229,2
440,440,86,1.85,1,0,0,0,0,0,0,0,0,0,1,0,0,0,1,1,0,1,0,0,0,0,0,0,4,414,458,75,Ben Stiller,Eric Darnell,532,3
441,441,109,1.85,3,0,0,0,0,0,0,0,0,0,0,0,1,0,0,0,0,0,1,0,0,1,0,0,8,69,49,76,Clive Owen,Alfonso Cuarón,69,1
442,442,104,2.35,2,0,0,0,0,0,0,0,0,0,0,0,0,0,0,0,0,1,0,0,0,1,0,1,6,364,225,75,Patrick Stewart,Bryan Singer,296,2
443,443,110,2.35,3,0,0,0,1,0,0,0,1,0,0,0,1,0,0,0,0,0,0,0,0,0,0,1,5,204,315,75,Angelina Jolie,Timur Bekmambetov,258,2
444,444,136,2.35,3,0,0,0,0,0,0,0,0,0,0,0,1,0,0,0,0,1,0,0,0,0,0,1,5,414,304,75,Sean Connery,Michael Bay,335,3
445,445,115,1.85,1,0,0,0,0,0,0,0,1,0,1,0,0,0,1,1,0,1,0,0,0,0,0,1,2,464,638,80,Ray Romano,Carlos Saldanha,660,4
446,446,99,2.35,2,0,1,0,0,0,0,0,0,0,1,0,0,0,0,0,0,0,0,0,0,0,0,0,1,130,167,75,Adam Sandler,Peter Segal,196,1
447,447,117,2.35,1,1,1,0,0,0,0,0,0,0,1,0,0,0,0,1,0,0,1,0,0,0,0,0,6,110,118,75,John Travolta,Adam Shankman,90,1
448,448,125,2.0,3,0,0,0,0,0,0,0,0,1,0,0,1,0,0,0,1,0,0,0,0,0,0,0,7,79,78,50,Stellan Skarsgård,Renny Harlin,78,1
449,449,110,1.85,1,0,0,0,0,0,0,0,0,0,1,0,0,0,0,1,0,1,0,0,0,1,0,1,6,60,23,75,Matthew Broderick,David Kellogg,70,1
450,450,125,2.35,2,0,0,0,1,0,0,0,0,0,0,0,1,0,0,0,1,0,0,0,0,0,0,0,4,171,222,75,Jesse Eisenberg,Louis Leterrier,117,1
451,451,102,1.85,2,0,0,0,0,0,0,0,0,0,1,0,0,0,0,0,0,0,0,0,0,0,0,0,5,203,267,80,Adam Sandler,Dennis Dugan,271,2
452,452,128,1.85,2,0,0,0,0,0,0,0,0,0,1,0,0,0,0,0,0,0,1,0,0,0,0,0,5,364,413,60,Tom Hanks,Steven Spielberg,219,2
453,453,100,1.85,1,0,0,0,0,0,0,0,0,0,1,0,0,0,0,1,0,0,0,0,0,0,0,0,0,107,44,35,Emma Roberts,Thor Freudenthal,73,1
454,454,124,1.85,2,0,0,0,0,0,0,0,0,0,0,0,1,0,0,0,0,1,1,0,0,0,0,1,11,165,215,75,Chris O'Donnell,Martin Campbell,215,1
455,455,102,1.85,3,0,0,0,0,0,0,0,0,0,1,0,0,0,0,0,0,0,1,1,1,0,0,0,11,51,313,75,Tom Hanks,Mike Nichols,119,1
456,456,90,1.85,1,0,0,0,0,0,0,0,0,0,1,0,0,0,1,1,0,1,0,0,0,0,0,0,8,286,538,75,Will Smith,Bibo Bergeron,367,3
457,457,130,2.35,2,1,0,0,0,0,0,0,0,0,0,0,0,0,0,0,0,0,1,0,0,0,0,0,11,199,131,70,Jamie Foxx,Bill Condon,154,1
458,458,118,2.4,2,0,0,0,1,0,0,0,0,0,1,0,0,0,0,0,0,0,0,0,0,0,0,0,2,101,118,53,John Travolta,F. Gary Gray,95,1
459,459,142,2.35,3,0,0,0,0,0,0,0,0,0,0,0,1,1,0,0,0,0,1,0,0,0,0,1,2,97,154,70,Bruce Willis,Antoine Fuqua,85,1
460,460,100,2.35,2,0,1,0,0,0,0,0,0,0,1,0,1,0,0,0,0,0,0,0,0,0,0,1,5,106,125,75,Katherine Heigl,Robert Luketic,98,1
461,461,116,2.35,2,0,0,0,0,0,0,0,0,0,1,0,0,0,0,0,0,1,0,0,0,0,0,1,7,314,262,75,Henry Cavill,Guy Ritchie,108,1
462,462,131,1.85,2,0,1,0,0,0,0,0,0,0,1,0,0,0,0,0,0,0,1,0,0,0,0,0,11,13,167,80,Adam Sandler,James L. Brooks,55,1
463,463,91,2.35,1,0,0,0,0,0,0,0,1,0,1,0,0,0,1,1,1,0,0,0,0,0,0,0,6,79,140,75,Ryan Newman,Gil Kenan,140,1
464,464,123,2.35,2,0,1,0,1,0,0,0,0,0,1,0,0,0,0,0,0,0,1,0,0,0,0,0,9,85,154,80,Bruce Willis,Barry Levinson,67,1
465,465,134,1.85,2,0,1,0,0,0,0,0,0,0,0,0,1,0,0,0,0,1,0,0,0,0,0,1,6,238,104,55,Sean Connery,Jerry Zucker,127,1
466,466,148,2.35,2,0,1,0,0,0,0,0,0,0,0,0,0,0,0,0,0,0,1,1,0,0,0,0,11,143,144,75,Jodie Foster,Andy Tennant,90,1
467,467,110,1.85,3,0,1,0,0,0,0,0,1,0,0,0,0,0,0,0,0,0,1,0,0,0,0,1,10,186,179,75,Mickey Rourke,Tarsem Singh,226,2
468,468,113,2.35,3,0,0,0,1,0,0,0,0,0,0,0,1,0,0,0,1,0,1,0,0,0,0,1,2,77,154,52,Bruce Willis,Florent-Emilio Siri,77,1
469,469,94,2.35,1,0,0,0,0,0,0,0,0,0,0,0,0,0,1,1,0,1,0,0,0,1,0,1,5,88,142,75,Matt Damon,Don Bluth,36,1
470,470,116,2.35,2,0,0,0,1,0,0,0,0,0,1,0,1,0,0,0,0,0,0,0,0,0,0,1,5,30,226,75,Harrison Ford,Ron Shelton,51,1
471,471,84,2.35,2,0,0,0,0,0,0,0,0,1,0,0,1,0,0,0,0,0,1,0,0,1,0,0,8,58,38,80,Lou Taylor Pucci,David Pastor,5,1
472,472,93,1.85,2,0,0,0,0,0,0,0,1,0,1,0,0,0,1,0,0,0,0,0,0,0,0,0,1,65,121,75,Brendan Fraser,Henry Selick,5,1
473,473,113,2.35,2,0,0,0,0,0,0,0,0,0,0,0,1,0,0,0,0,1,1,0,0,0,0,1,11,139,145,45,Dennis Quaid,John Moore,21,1
474,474,106,2.35,2,0,0,0,0,0,0,0,0,0,0,0,1,0,0,0,1,0,1,0,0,1,0,0,10,322,254,75,Bruce Willis,M. Night Shyamalan,248,2
475,475,91,1.85,1,0,0,0,0,0,0,0,0,0,1,0,0,0,1,1,0,0,0,0,0,1,0,1,5,514,553,74,Sandra Bullock,Kyle Balda,1156,5
476,476,128,2.35,2,0,0,0,0,0,0,0,1,0,0,0,0,0,0,0,0,0,0,0,0,0,0,1,2,314,44,82,Emily Browning,Zack Snyder,89,1
477,477,98,2.35,3,0,0,0,1,0,0,0,0,0,0,0,1,0,0,0,1,0,0,0,0,0,0,0,7,85,122,69,Nicolas Cage,Brian De Palma,103,1
478,478,134,2.35,2,0,0,0,0,0,0,0,0,0,0,0,1,0,0,0,1,0,1,0,0,1,0,0,1,85,150,75,Dustin Hoffman,Barry Levinson,13,1
479,479,97,1.85,1,0,0,0,0,0,0,0,0,0,1,0,0,0,1,1,0,0,0,0,0,0,0,1,4,364,409,73,Jason Sudeikis,Clay Kaytis,349,2
480,480,112,2.35,2,0,1,0,0,0,0,0,0,0,1,0,1,0,0,0,0,1,0,0,0,0,0,1,1,143,109,70,Matthew McConaughey,Andy Tennant,111,1
481,481,153,1.85,3,0,0,0,0,0,0,0,0,0,1,0,0,0,0,0,0,0,1,0,0,0,0,0,6,122,167,75,Adam Sandler,Judd Apatow,61,1
482,482,110,2.35,3,0,0,0,0,0,0,0,0,0,0,0,1,0,0,0,0,0,1,0,0,0,0,1,7,208,131,70,Jamie Foxx,Peter Berg,86,1
483,483,122,2.35,2,0,0,1,0,0,0,0,0,0,1,0,0,0,0,0,0,0,0,0,0,0,0,1,7,143,117,73,Will Ferrell,Adam McKay,162,1
484,484,87,2.35,1,0,0,0,0,0,0,0,1,0,1,0,0,0,0,1,0,0,0,0,0,0,0,0,5,145,118,72,Eddie Murphy,Steve Carr,176,1
485,485,178,2.35,3,0,0,0,0,0,0,0,0,0,0,0,0,1,0,0,0,0,1,1,1,0,0,0,4,414,440,72,Mel Gibson,Mel Gibson,210,3
486,486,87,2.35,2,0,0,0,0,0,0,0,0,0,1,0,0,0,1,0,0,1,0,0,0,0,0,0,6,314,338,75,Dan Castellaneta,David Silverman,527,1
487,487,152,1.85,1,0,1,0,0,0,0,0,0,0,0,0,0,0,0,0,0,0,1,0,0,0,0,0,11,101,187,72,Jim Carrey,Frank Darabont,37,1
488,488,116,2.35,2,0,0,1,0,0,0,0,0,0,0,0,0,0,0,0,0,0,1,0,0,0,0,1,3,129,154,72,Kip Pardue,Renny Harlin,54,2
489,489,108,1.85,2,0,1,0,0,0,0,0,0,0,0,0,1,0,0,0,1,0,1,0,0,0,0,0,6,324,300,60,Bryce Dallas Howard,M. Night Shyamalan,256,2
490,490,85,1.85,2,0,0,0,0,0,0,0,1,0,1,0,0,0,0,1,0,0,0,0,0,0,0,0,5,292,318,71,Eddie Murphy,Betty Thomas,294,3
491,491,106,1.85,2,0,0,0,0,0,0,0,0,0,0,0,1,0,0,0,0,0,1,0,0,1,0,0,7,372,440,72,Mel Gibson,M. Night Shyamalan,408,3
492,492,93,1.85,1,0,1,0,0,0,0,0,1,0,1,0,0,0,1,1,0,1,0,0,0,0,0,0,4,364,438,150,Mike Myers,Andrew Adamson,919,2
493,493,117,2.35,0,0,0,1,0,0,0,0,0,0,1,0,0,0,1,1,0,1,0,0,0,0,0,0,5,364,245,120,Owen Wilson,John Lasseter,461,2
494,494,116,2.35,1,0,1,0,0,0,0,0,0,0,1,0,0,0,0,0,0,0,0,0,0,0,0,0,6,230,259,70,Julia Roberts,Garry Marshall,309,2
495,495,132,2.35,2,0,0,0,0,0,0,0,0,0,0,0,1,0,0,0,0,1,0,0,0,0,0,1,7,200,438,70,Vin Diesel,Rob Cohen,277,2
496,496,92,1.85,1,0,0,0,0,0,0,0,1,0,1,0,0,0,1,1,0,1,0,0,0,0,0,0,1,411,425,74,Tom Kenny,Paul Tibbitt,311,3
497,497,139,1.85,3,0,0,0,1,0,0,0,0,0,0,0,1,0,0,0,0,0,0,0,0,0,0,0,10,332,440,80,Mel Gibson,Ron Howard,309,3
498,498,153,2.35,3,0,0,0,0,0,0,0,0,0,0,0,0,1,0,0,0,1,1,0,0,0,0,0,7,287,393,75,Brad Pitt,Quentin Tarantino,319,3
